timestamp,index,temperature_gpu,utilization_gpu,utilization_memory,memory_used,power_draw,clocks_sm
2026/09/14 16:00:00.685, 0, 48, 100, 5, 249, 93.53, 1898
2026/09/14 16:00:00.689, 1, 17, 0, 0, 5, 8.79, 139
2026/09/14 16:00:01.725, 0, 48, 100, 5, 427, 105.73, 1898
2026/09/14 16:00:01.728, 1, 17, 0, 0, 5, 8.79, 139
2026/09/14 16:00:02.763, 0, 48, 100, 4, 427, 114.81, 1898
2026/09/14 16:00:02.765, 1, 17, 0, 0, 5, 8.69, 139
2026/09/14 16:00:03.797, 0, 48, 100, 4, 427, 83.66, 1898
2026/09/14 16:00:03.800, 1, 17, 0, 0, 5, 14.65, 139
2026/09/14 16:00:04.843, 0, 48, 100, 5, 427, 138.94, 1898
2026/09/14 16:00:04.845, 1, 17, 0, 0, 5, 9.22, 139
2026/09/14 16:00:05.878, 0, 48, 100, 4, 427, 124.38, 1898
2026/09/14 16:00:05.881, 1, 17, 0, 0, 5, 8.89, 139
2026/09/14 16:00:06.914, 0, 48, 100, 5, 427, 92.37, 1898
2026/09/14 16:00:06.917, 1, 17, 0, 0, 5, 8.79, 139
2026/09/14 16:00:07.950, 0, 48, 100, 4, 427, 113.36, 1898
2026/09/14 16:00:07.953, 1, 17, 0, 0, 5, 8.79, 139
2026/09/14 16:00:08.987, 0, 48, 100, 4, 427, 99.74, 1898
2026/09/14 16:00:08.990, 1, 17, 0, 0, 5, 8.79, 139
2026/09/14 16:00:10.025, 0, 48, 100, 4, 427, 108.63, 1898
2026/09/14 16:00:10.028, 1, 17, 0, 0, 5, 8.89, 139
2026/09/14 16:00:11.062, 0, 48, 100, 3, 427, 94.74, 1898
2026/09/14 16:00:11.064, 1, 17, 0, 0, 5, 8.55, 139
2026/09/14 16:00:12.101, 0, 48, 100, 4, 427, 84.37, 1898
2026/09/14 16:00:12.104, 1, 17, 0, 0, 5, 8.55, 139
2026/09/14 16:00:13.137, 0, 48, 100, 5, 427, 114.45, 1898
2026/09/14 16:00:13.140, 1, 17, 0, 0, 5, 8.69, 139
2026/09/14 16:00:14.172, 0, 48, 100, 5, 427, 137.30, 1898
2026/09/14 16:00:14.174, 1, 18, 0, 0, 5, 8.93, 139
2026/09/14 16:00:15.208, 0, 48, 100, 5, 427, 104.95, 1898
2026/09/14 16:00:15.211, 1, 17, 0, 0, 5, 8.69, 139
2026/09/14 16:00:16.243, 0, 48, 100, 5, 427, 133.95, 1898
2026/09/14 16:00:16.246, 1, 17, 0, 0, 5, 9.37, 139
2026/09/14 16:00:17.281, 0, 48, 100, 5, 427, 100.61, 1898
2026/09/14 16:00:17.284, 1, 17, 0, 0, 5, 8.79, 139
2026/09/14 16:00:18.316, 0, 48, 100, 3, 427, 127.92, 1898
2026/09/14 16:00:18.322, 1, 17, 0, 0, 5, 8.89, 139
2026/09/14 16:00:19.358, 0, 48, 100, 4, 427, 122.34, 1898
2026/09/14 16:00:19.374, 1, 17, 0, 0, 5, 9.03, 139
2026/09/14 16:00:20.406, 0, 48, 100, 5, 427, 87.04, 1898
2026/09/14 16:00:20.409, 1, 17, 0, 0, 5, 8.89, 139
2026/09/14 16:00:21.442, 0, 48, 100, 4, 427, 123.45, 1898
2026/09/14 16:00:21.445, 1, 17, 0, 0, 5, 9.03, 139
2026/09/14 16:00:22.477, 0, 48, 100, 5, 427, 142.68, 1898
2026/09/14 16:00:22.480, 1, 18, 0, 0, 5, 9.03, 139
2026/09/14 16:00:23.514, 0, 48, 100, 5, 427, 102.93, 1898
2026/09/14 16:00:23.516, 1, 17, 0, 0, 5, 8.79, 139
2026/09/14 16:00:24.549, 0, 48, 100, 5, 427, 131.17, 1898
2026/09/14 16:00:24.551, 1, 17, 0, 0, 5, 8.45, 139
2026/09/14 16:00:25.584, 0, 48, 100, 5, 427, 100.61, 1898
2026/09/14 16:00:25.587, 1, 17, 0, 0, 5, 8.80, 139
2026/09/14 16:00:26.620, 0, 48, 100, 5, 427, 127.31, 1898
2026/09/14 16:00:26.623, 1, 17, 0, 0, 5, 8.79, 139
2026/09/14 16:00:27.656, 0, 48, 100, 5, 427, 115.83, 1898
2026/09/14 16:00:27.658, 1, 17, 0, 0, 5, 8.89, 139
2026/09/14 16:00:28.693, 0, 48, 100, 4, 427, 88.54, 1898
2026/09/14 16:00:28.695, 1, 17, 0, 0, 5, 8.79, 139
2026/09/14 16:00:29.730, 0, 48, 100, 4, 427, 107.42, 1898
2026/09/14 16:00:29.732, 1, 17, 0, 0, 5, 8.79, 139
2026/09/14 16:00:30.766, 0, 48, 100, 5, 427, 99.25, 1898
2026/09/14 16:00:30.769, 1, 17, 0, 0, 5, 8.79, 139
2026/09/14 16:00:31.801, 0, 48, 100, 4, 427, 107.18, 1898
2026/09/14 16:00:31.804, 1, 18, 0, 0, 5, 8.55, 139
2026/09/14 16:00:32.840, 0, 48, 100, 5, 427, 129.76, 1898
2026/09/14 16:00:32.846, 1, 17, 0, 0, 5, 8.79, 139
2026/09/14 16:00:33.879, 0, 48, 100, 5, 427, 92.57, 1898
2026/09/14 16:00:33.881, 1, 17, 0, 0, 5, 9.23, 139
2026/09/14 16:00:34.920, 0, 48, 100, 5, 427, 139.34, 1898
2026/09/14 16:00:34.922, 1, 17, 0, 0, 5, 9.03, 139
2026/09/14 16:00:35.955, 0, 48, 100, 4, 427, 127.19, 1898
2026/09/14 16:00:35.957, 1, 17, 0, 0, 5, 8.79, 139
2026/09/14 16:00:36.990, 0, 48, 100, 5, 427, 92.43, 1898
2026/09/14 16:00:36.993, 1, 18, 0, 0, 5, 8.79, 139
2026/09/14 16:00:38.026, 0, 48, 100, 3, 427, 115.31, 1898
2026/09/14 16:00:38.028, 1, 17, 0, 0, 5, 8.69, 139
2026/09/14 16:00:39.061, 0, 48, 100, 4, 427, 101.42, 1898
2026/09/14 16:00:39.064, 1, 17, 0, 0, 5, 8.79, 139
2026/09/14 16:00:40.096, 0, 48, 100, 5, 427, 115.39, 1898
2026/09/14 16:00:40.100, 1, 18, 0, 0, 5, 8.89, 139
2026/09/14 16:00:41.132, 0, 48, 100, 5, 427, 103.56, 1898
2026/09/14 16:00:41.135, 1, 17, 0, 0, 5, 8.69, 139
2026/09/14 16:00:42.168, 0, 48, 100, 4, 427, 85.79, 1898
2026/09/14 16:00:42.170, 1, 17, 0, 0, 5, 8.55, 139
2026/09/14 16:00:43.202, 0, 48, 100, 5, 427, 104.48, 1898
2026/09/14 16:00:43.206, 1, 17, 0, 0, 5, 8.79, 139
2026/09/14 16:00:44.242, 0, 48, 100, 5, 427, 127.15, 1898
2026/09/14 16:00:44.248, 1, 17, 0, 0, 5, 8.79, 139
2026/09/14 16:00:45.284, 0, 48, 100, 4, 427, 101.96, 1898
2026/09/14 16:00:45.290, 1, 17, 0, 0, 5, 9.03, 139
2026/09/14 16:00:46.323, 0, 48, 100, 4, 427, 125.89, 1898
2026/09/14 16:00:46.326, 1, 17, 0, 0, 5, 8.88, 139
2026/09/14 16:00:47.371, 0, 48, 100, 5, 427, 98.14, 1898
2026/09/14 16:00:47.374, 1, 18, 0, 0, 5, 8.69, 139
2026/09/14 16:00:48.405, 0, 48, 100, 4, 427, 109.11, 1898
2026/09/14 16:00:48.408, 1, 17, 0, 0, 5, 8.55, 139
2026/09/14 16:00:49.440, 0, 48, 100, 4, 427, 96.26, 1898
2026/09/14 16:00:49.444, 1, 17, 0, 0, 5, 8.55, 139
2026/09/14 16:00:50.477, 0, 48, 100, 4, 427, 83.03, 1898
2026/09/14 16:00:50.482, 1, 18, 0, 0, 5, 8.89, 139
2026/09/14 16:00:51.516, 0, 48, 100, 4, 427, 107.81, 1898
2026/09/14 16:00:51.519, 1, 17, 0, 0, 5, 8.79, 139
2026/09/14 16:00:52.554, 0, 48, 100, 5, 427, 142.54, 1898
2026/09/14 16:00:52.557, 1, 17, 0, 0, 5, 8.98, 139
2026/09/14 16:00:53.591, 0, 48, 100, 5, 427, 100.61, 1898
2026/09/14 16:00:53.594, 1, 17, 0, 0, 5, 8.79, 139
2026/09/14 16:00:54.627, 0, 48, 100, 5, 427, 124.36, 1898
2026/09/14 16:00:54.630, 1, 17, 0, 0, 5, 8.79, 139
2026/09/14 16:00:55.663, 0, 48, 100, 4, 427, 102.06, 1898
2026/09/14 16:00:55.666, 1, 18, 0, 0, 5, 9.13, 139
2026/09/14 16:00:56.702, 0, 48, 100, 5, 427, 117.90, 1898
2026/09/14 16:00:56.705, 1, 17, 0, 0, 5, 8.79, 139
2026/09/14 16:00:57.737, 0, 48, 100, 4, 427, 107.17, 1898
2026/09/14 16:00:57.739, 1, 17, 0, 0, 5, 8.93, 139
2026/09/14 16:00:58.777, 0, 48, 100, 4, 427, 84.82, 1898
2026/09/14 16:00:58.780, 1, 18, 0, 0, 5, 8.69, 139
2026/09/14 16:00:59.813, 0, 48, 100, 5, 427, 102.79, 1898
2026/09/14 16:00:59.816, 1, 17, 0, 0, 5, 8.55, 139
2026/09/14 16:01:00.848, 0, 48, 100, 5, 427, 109.89, 1898
2026/09/14 16:01:00.851, 1, 17, 0, 0, 5, 8.89, 139
2026/09/14 16:01:01.885, 0, 48, 100, 4, 427, 102.45, 1898
2026/09/14 16:01:01.890, 1, 17, 0, 0, 5, 9.23, 139
2026/09/14 16:01:02.922, 0, 48, 100, 4, 427, 142.15, 1898
2026/09/14 16:01:02.927, 1, 17, 0, 0, 5, 14.65, 139
2026/09/14 16:01:03.978, 0, 48, 100, 5, 427, 98.81, 1898
2026/09/14 16:01:03.982, 1, 17, 0, 0, 5, 8.89, 139
2026/09/14 16:01:05.015, 0, 48, 100, 4, 427, 106.70, 1898
2026/09/14 16:01:05.018, 1, 17, 0, 0, 5, 8.55, 139
2026/09/14 16:01:06.050, 0, 48, 100, 4, 427, 110.23, 1898
2026/09/14 16:01:06.055, 1, 17, 0, 0, 5, 9.23, 139
2026/09/14 16:01:07.089, 0, 48, 100, 5, 427, 86.31, 1898
2026/09/14 16:01:07.092, 1, 18, 0, 0, 5, 9.13, 139
2026/09/14 16:01:08.125, 0, 48, 100, 5, 427, 123.21, 1898
2026/09/14 16:01:08.128, 1, 17, 0, 0, 5, 8.79, 139
2026/09/14 16:01:09.162, 0, 48, 100, 5, 427, 137.17, 1898
2026/09/14 16:01:09.168, 1, 17, 0, 0, 5, 8.89, 139
2026/09/14 16:01:10.202, 0, 48, 100, 4, 427, 95.05, 1898
2026/09/14 16:01:10.205, 1, 17, 0, 0, 5, 8.79, 139
2026/09/14 16:01:11.238, 0, 48, 100, 5, 427, 114.35, 1898
2026/09/14 16:01:11.243, 1, 17, 0, 0, 5, 8.89, 139
2026/09/14 16:01:12.278, 0, 48, 100, 4, 427, 100.25, 1898
2026/09/14 16:01:12.281, 1, 17, 0, 0, 5, 9.47, 139
2026/09/14 16:01:13.318, 0, 48, 100, 5, 427, 107.91, 1898
2026/09/14 16:01:13.320, 1, 17, 0, 0, 5, 8.79, 139
2026/09/14 16:01:14.352, 0, 48, 100, 5, 427, 94.60, 1898
2026/09/14 16:01:14.356, 1, 17, 0, 0, 5, 8.69, 139
2026/09/14 16:01:15.401, 0, 48, 100, 4, 427, 98.71, 1898
2026/09/14 16:01:15.405, 1, 18, 0, 0, 5, 8.60, 139
2026/09/14 16:01:16.439, 0, 48, 100, 4, 427, 133.11, 1898
2026/09/14 16:01:16.442, 1, 17, 0, 0, 5, 8.54, 139
2026/09/14 16:01:17.475, 0, 48, 100, 4, 427, 116.11, 1898
2026/09/14 16:01:17.479, 1, 17, 0, 0, 5, 8.79, 139
2026/09/14 16:01:18.512, 0, 48, 100, 4, 427, 89.95, 1898
2026/09/14 16:01:18.514, 1, 17, 0, 0, 5, 8.79, 139
2026/09/14 16:01:19.550, 0, 48, 100, 5, 427, 108.00, 1898
2026/09/14 16:01:19.552, 1, 17, 0, 0, 5, 8.69, 139
2026/09/14 16:01:20.587, 0, 48, 100, 5, 427, 101.29, 1898
2026/09/14 16:01:20.592, 1, 18, 0, 0, 5, 9.03, 139
2026/09/14 16:01:21.628, 0, 48, 100, 5, 427, 101.48, 1898
2026/09/14 16:01:21.635, 1, 18, 0, 0, 5, 9.03, 139
2026/09/14 16:01:22.669, 0, 48, 100, 5, 427, 127.89, 1898
2026/09/14 16:01:22.676, 1, 17, 0, 0, 5, 8.88, 139
2026/09/14 16:01:23.712, 0, 48, 100, 4, 427, 102.25, 1898
2026/09/14 16:01:23.714, 1, 17, 0, 0, 5, 8.89, 139
2026/09/14 16:01:24.750, 0, 48, 100, 5, 427, 117.57, 1898
2026/09/14 16:01:24.753, 1, 17, 0, 0, 5, 8.55, 139
2026/09/14 16:01:25.786, 0, 48, 100, 4, 427, 104.35, 1898
2026/09/14 16:01:25.789, 1, 17, 0, 0, 5, 8.79, 139
2026/09/14 16:01:26.854, 0, 48, 100, 4, 427, 100.12, 1898
2026/09/14 16:01:26.857, 1, 17, 0, 0, 5, 8.55, 139
2026/09/14 16:01:27.890, 0, 48, 100, 5, 427, 112.93, 1898
2026/09/14 16:01:27.893, 1, 17, 0, 0, 5, 9.13, 139
2026/09/14 16:01:28.925, 0, 48, 100, 4, 427, 98.31, 1898
2026/09/14 16:01:28.930, 1, 17, 0, 0, 5, 8.79, 139
2026/09/14 16:01:29.965, 0, 48, 100, 4, 427, 83.27, 1898
2026/09/14 16:01:29.968, 1, 17, 0, 0, 5, 14.65, 139
2026/09/14 16:01:31.003, 0, 48, 100, 4, 427, 101.96, 1898
2026/09/14 16:01:31.006, 1, 17, 0, 0, 5, 8.98, 139
2026/09/14 16:01:32.041, 0, 48, 100, 5, 427, 137.45, 1898
2026/09/14 16:01:32.043, 1, 17, 0, 0, 5, 8.78, 139
2026/09/14 16:01:33.078, 0, 48, 100, 4, 427, 104.95, 1898
2026/09/14 16:01:33.080, 1, 17, 0, 0, 5, 8.79, 139
2026/09/14 16:01:34.115, 0, 48, 100, 5, 427, 128.80, 1898
2026/09/14 16:01:34.117, 1, 17, 0, 0, 5, 8.98, 139
2026/09/14 16:01:35.150, 0, 48, 100, 5, 427, 98.87, 1898
2026/09/14 16:01:35.153, 1, 17, 0, 0, 5, 8.79, 139
2026/09/14 16:01:36.185, 0, 48, 100, 4, 427, 131.97, 1898
2026/09/14 16:01:36.187, 1, 17, 0, 0, 5, 8.69, 139
2026/09/14 16:01:37.223, 0, 48, 100, 4, 427, 111.77, 1898
2026/09/14 16:01:37.225, 1, 17, 0, 0, 5, 8.69, 139
2026/09/14 16:01:38.259, 0, 48, 100, 4, 427, 88.26, 1898
2026/09/14 16:01:38.261, 1, 17, 0, 0, 5, 8.54, 139
2026/09/14 16:01:39.295, 0, 48, 100, 4, 427, 108.15, 1898
2026/09/14 16:01:39.297, 1, 17, 0, 0, 5, 8.69, 139
2026/09/14 16:01:40.330, 0, 48, 100, 5, 427, 99.83, 1898
2026/09/14 16:01:40.340, 1, 17, 0, 0, 5, 9.13, 139
2026/09/14 16:01:41.387, 0, 48, 100, 5, 427, 96.87, 1898
2026/09/14 16:01:41.389, 1, 17, 0, 0, 5, 8.55, 139
2026/09/14 16:01:42.424, 0, 48, 100, 5, 427, 117.06, 1898
2026/09/14 16:01:42.426, 1, 18, 0, 0, 5, 8.69, 139
2026/09/14 16:01:43.461, 0, 48, 100, 4, 427, 100.56, 1898
2026/09/14 16:01:43.463, 1, 17, 0, 0, 5, 8.45, 139
2026/09/14 16:01:44.497, 0, 48, 100, 5, 427, 113.90, 1898
2026/09/14 16:01:44.499, 1, 17, 0, 0, 5, 9.13, 139
2026/09/14 16:01:45.560, 0, 48, 100, 4, 427, 117.90, 1898
2026/09/14 16:01:45.563, 1, 17, 0, 0, 5, 8.79, 139
2026/09/14 16:01:46.595, 0, 48, 100, 4, 427, 100.22, 1898
2026/09/14 16:01:46.598, 1, 17, 0, 0, 5, 8.69, 139
2026/09/14 16:01:47.639, 0, 48, 100, 5, 427, 108.49, 1898
2026/09/14 16:01:47.641, 1, 17, 0, 0, 5, 8.89, 139
2026/09/14 16:01:48.676, 0, 47, 100, 4, 427, 110.99, 1898
2026/09/14 16:01:48.681, 1, 17, 0, 0, 5, 8.45, 139
2026/09/14 16:01:49.713, 0, 48, 100, 4, 427, 82.93, 1898
2026/09/14 16:01:49.717, 1, 17, 0, 0, 5, 9.13, 139
2026/09/14 16:01:50.751, 0, 48, 100, 4, 427, 117.32, 1898
2026/09/14 16:01:50.753, 1, 17, 0, 0, 5, 8.79, 139
2026/09/14 16:01:51.786, 0, 47, 100, 4, 427, 139.71, 1898
2026/09/14 16:01:51.789, 1, 17, 0, 0, 5, 8.69, 139
2026/09/14 16:01:52.822, 0, 48, 100, 5, 427, 103.61, 1898
2026/09/14 16:01:52.826, 1, 17, 0, 0, 5, 8.79, 139
2026/09/14 16:01:53.860, 0, 48, 100, 4, 427, 121.44, 1898
2026/09/14 16:01:53.866, 1, 18, 0, 0, 5, 8.89, 139
2026/09/14 16:01:54.899, 0, 48, 100, 5, 427, 100.22, 1898
2026/09/14 16:01:54.902, 1, 17, 0, 0, 5, 9.13, 139
2026/09/14 16:01:55.937, 0, 48, 100, 4, 427, 115.15, 1898
2026/09/14 16:01:55.940, 1, 17, 0, 0, 5, 9.13, 139
2026/09/14 16:01:56.972, 0, 47, 100, 4, 427, 105.96, 1898
2026/09/14 16:01:56.975, 1, 17, 0, 0, 5, 8.69, 139
2026/09/14 16:01:58.007, 0, 48, 100, 3, 427, 86.03, 1898
2026/09/14 16:01:58.010, 1, 17, 0, 0, 5, 14.02, 139
2026/09/14 16:01:59.046, 0, 48, 100, 4, 427, 103.51, 1898
2026/09/14 16:01:59.048, 1, 17, 0, 0, 5, 9.23, 139
2026/09/14 16:02:00.081, 0, 48, 100, 5, 427, 103.41, 1898
2026/09/14 16:02:00.083, 1, 17, 0, 0, 5, 8.79, 139
2026/09/14 16:02:01.116, 0, 48, 100, 4, 427, 101.96, 1898
2026/09/14 16:02:01.123, 1, 17, 0, 0, 5, 8.89, 139
2026/09/14 16:02:02.157, 0, 48, 100, 5, 427, 139.26, 1898
2026/09/14 16:02:02.159, 1, 17, 0, 0, 5, 8.79, 139
2026/09/14 16:02:03.192, 0, 48, 100, 5, 427, 98.05, 1898
2026/09/14 16:02:03.195, 1, 17, 0, 0, 5, 9.32, 139
2026/09/14 16:02:04.229, 0, 48, 100, 4, 427, 143.30, 1898
2026/09/14 16:02:04.232, 1, 17, 0, 0, 5, 9.08, 139
2026/09/14 16:02:05.269, 0, 48, 100, 5, 427, 115.50, 1898
2026/09/14 16:02:05.273, 1, 17, 0, 0, 5, 8.98, 139
2026/09/14 16:02:06.306, 0, 48, 100, 4, 427, 89.61, 1898
2026/09/14 16:02:06.309, 1, 17, 0, 0, 5, 8.69, 139
2026/09/14 16:02:07.358, 0, 48, 100, 5, 427, 108.00, 1898
2026/09/14 16:02:07.360, 1, 17, 0, 0, 5, 8.69, 139
2026/09/14 16:02:08.391, 0, 48, 100, 4, 427, 130.60, 1898
2026/09/14 16:02:08.394, 1, 17, 0, 0, 5, 8.89, 139
2026/09/14 16:02:09.427, 0, 48, 100, 4, 427, 101.24, 1898
2026/09/14 16:02:09.430, 1, 17, 0, 0, 5, 8.79, 139
2026/09/14 16:02:10.462, 0, 48, 100, 3, 427, 142.15, 1898
2026/09/14 16:02:10.466, 1, 17, 0, 0, 5, 8.69, 139
2026/09/14 16:02:11.498, 0, 48, 100, 4, 427, 99.40, 1898
2026/09/14 16:02:11.501, 1, 17, 0, 0, 5, 8.79, 139
2026/09/14 16:02:12.538, 0, 48, 100, 4, 427, 128.71, 1898
2026/09/14 16:02:12.542, 1, 17, 0, 0, 5, 8.89, 139
2026/09/14 16:02:13.574, 0, 47, 100, 4, 427, 117.57, 1898
2026/09/14 16:02:13.576, 1, 17, 0, 0, 5, 8.89, 139
2026/09/14 16:02:14.610, 0, 48, 100, 5, 427, 87.82, 1898
2026/09/14 16:02:14.616, 1, 18, 0, 0, 5, 8.55, 139
2026/09/14 16:02:15.649, 0, 48, 100, 5, 427, 107.04, 1898
2026/09/14 16:02:15.652, 1, 17, 0, 0, 5, 8.55, 139
2026/09/14 16:02:16.695, 0, 47, 100, 5, 427, 122.97, 1898
2026/09/14 16:02:16.697, 1, 17, 0, 0, 5, 8.69, 139
2026/09/14 16:02:17.730, 0, 48, 100, 4, 427, 101.96, 1898
2026/09/14 16:02:17.732, 1, 18, 0, 0, 5, 8.89, 139
2026/09/14 16:02:18.765, 0, 47, 100, 5, 427, 140.37, 1898
2026/09/14 16:02:18.769, 1, 17, 0, 0, 5, 9.13, 139
2026/09/14 16:02:19.802, 0, 48, 100, 4, 427, 99.64, 1898
2026/09/14 16:02:19.806, 1, 17, 0, 0, 5, 8.79, 139
2026/09/14 16:02:20.838, 0, 47, 100, 5, 427, 142.83, 1898
2026/09/14 16:02:20.841, 1, 17, 0, 0, 5, 8.55, 139
2026/09/14 16:02:21.874, 0, 47, 100, 4, 427, 120.47, 1898
2026/09/14 16:02:21.879, 1, 17, 0, 0, 5, 8.55, 139
2026/09/14 16:02:22.911, 0, 48, 100, 4, 427, 91.12, 1898
2026/09/14 16:02:22.915, 1, 17, 0, 0, 5, 8.79, 139
2026/09/14 16:02:23.948, 0, 48, 100, 4, 427, 113.66, 1898
2026/09/14 16:02:23.950, 1, 17, 0, 0, 5, 9.23, 139
2026/09/14 16:02:24.982, 0, 48, 100, 4, 427, 99.64, 1898
2026/09/14 16:02:24.988, 1, 17, 0, 0, 5, 8.69, 139
2026/09/14 16:02:26.021, 0, 48, 100, 3, 427, 112.11, 1898
2026/09/14 16:02:26.023, 1, 17, 0, 0, 5, 8.55, 139
2026/09/14 16:02:27.056, 0, 48, 100, 4, 427, 98.53, 1898
2026/09/14 16:02:27.059, 1, 17, 0, 0, 5, 11.74, 139
2026/09/14 16:02:28.092, 0, 48, 100, 5, 427, 84.23, 1898
2026/09/14 16:02:28.095, 1, 17, 0, 0, 5, 9.03, 139
2026/09/14 16:02:29.128, 0, 48, 100, 4, 427, 101.58, 1898
2026/09/14 16:02:29.131, 1, 17, 0, 0, 5, 8.89, 139
2026/09/14 16:02:30.164, 0, 48, 100, 5, 427, 115.19, 1898
2026/09/14 16:02:30.166, 1, 17, 0, 0, 5, 8.69, 139
2026/09/14 16:02:31.198, 0, 48, 100, 5, 427, 103.51, 1898
2026/09/14 16:02:31.201, 1, 18, 0, 0, 5, 8.79, 139
2026/09/14 16:02:32.234, 0, 48, 100, 5, 427, 127.34, 1898
2026/09/14 16:02:32.236, 1, 17, 0, 0, 5, 8.69, 139
2026/09/14 16:02:33.269, 0, 48, 100, 3, 427, 87.97, 1898
2026/09/14 16:02:33.272, 1, 17, 0, 0, 5, 9.03, 139
2026/09/14 16:02:34.308, 0, 48, 100, 5, 427, 136.05, 1898
2026/09/14 16:02:34.310, 1, 17, 0, 0, 5, 9.13, 139
2026/09/14 16:02:35.357, 0, 48, 100, 5, 427, 125.52, 1898
2026/09/14 16:02:35.359, 1, 18, 0, 0, 5, 9.47, 139
2026/09/14 16:02:36.390, 0, 48, 100, 4, 427, 87.33, 1898
2026/09/14 16:02:36.393, 1, 17, 0, 0, 5, 8.89, 139
2026/09/14 16:02:37.426, 0, 48, 100, 4, 427, 106.94, 1898
2026/09/14 16:02:37.428, 1, 17, 0, 0, 5, 8.93, 139
2026/09/14 16:02:38.463, 0, 48, 100, 5, 427, 99.74, 1898
2026/09/14 16:02:38.466, 1, 17, 0, 0, 5, 8.79, 139
2026/09/14 16:02:39.498, 0, 48, 100, 4, 427, 106.14, 1898
2026/09/14 16:02:39.500, 1, 18, 0, 0, 5, 8.79, 139
2026/09/14 16:02:40.542, 0, 48, 100, 5, 427, 139.06, 1898
2026/09/14 16:02:40.544, 1, 18, 0, 0, 5, 8.55, 139
2026/09/14 16:02:41.576, 0, 48, 100, 5, 427, 95.82, 1898
2026/09/14 16:02:41.579, 1, 17, 0, 0, 5, 8.80, 139
2026/09/14 16:02:42.613, 0, 48, 100, 5, 427, 138.46, 1898
2026/09/14 16:02:42.615, 1, 18, 0, 0, 5, 8.79, 139
2026/09/14 16:02:43.648, 0, 47, 100, 4, 427, 140.16, 1898
2026/09/14 16:02:43.650, 1, 17, 0, 0, 5, 8.55, 139
2026/09/14 16:02:44.683, 0, 48, 100, 5, 427, 97.51, 1898
2026/09/14 16:02:44.686, 1, 17, 0, 0, 5, 8.79, 139
2026/09/14 16:02:45.722, 0, 48, 100, 3, 427, 114.68, 1898
2026/09/14 16:02:45.725, 1, 17, 0, 0, 5, 8.55, 139
2026/09/14 16:02:46.759, 0, 47, 100, 4, 427, 101.04, 1898
2026/09/14 16:02:46.762, 1, 17, 0, 0, 5, 8.64, 139
2026/09/14 16:02:47.795, 0, 48, 100, 5, 427, 111.63, 1898
2026/09/14 16:02:47.799, 1, 17, 0, 0, 5, 8.89, 139
2026/09/14 16:02:48.831, 0, 48, 100, 5, 427, 100.56, 1898
2026/09/14 16:02:48.834, 1, 17, 0, 0, 5, 8.69, 139
2026/09/14 16:02:49.866, 0, 48, 100, 5, 427, 84.97, 1898
2026/09/14 16:02:49.870, 1, 17, 0, 0, 5, 8.55, 139
2026/09/14 16:02:50.903, 0, 48, 100, 5, 427, 101.96, 1898
2026/09/14 16:02:50.906, 1, 17, 0, 0, 5, 8.60, 139
2026/09/14 16:02:51.943, 0, 47, 100, 5, 427, 137.69, 1898
2026/09/14 16:02:51.948, 1, 18, 0, 0, 5, 8.69, 139
2026/09/14 16:02:52.980, 0, 48, 100, 4, 427, 104.88, 1898
2026/09/14 16:02:52.983, 1, 18, 0, 0, 5, 8.79, 139
2026/09/14 16:02:54.016, 0, 47, 100, 4, 427, 139.28, 1898
2026/09/14 16:02:54.019, 1, 18, 0, 0, 5, 8.79, 139
2026/09/14 16:02:55.052, 0, 48, 100, 5, 427, 97.74, 1898
2026/09/14 16:02:55.055, 1, 17, 0, 0, 5, 8.79, 139
2026/09/14 16:02:56.089, 0, 48, 100, 4, 427, 133.61, 1898
2026/09/14 16:02:56.091, 1, 18, 0, 0, 5, 9.66, 139
2026/09/14 16:02:57.125, 0, 47, 100, 4, 427, 116.99, 1898
2026/09/14 16:02:57.127, 1, 17, 0, 0, 5, 8.79, 139
2026/09/14 16:02:58.161, 0, 48, 100, 5, 427, 90.30, 1898
2026/09/14 16:02:58.163, 1, 18, 0, 0, 5, 8.79, 139
2026/09/14 16:02:59.197, 0, 47, 100, 5, 427, 109.45, 1898
2026/09/14 16:02:59.200, 1, 18, 0, 0, 5, 8.98, 139
2026/09/14 16:03:00.233, 0, 47, 100, 5, 427, 99.24, 1898
2026/09/14 16:03:00.235, 1, 18, 0, 0, 5, 8.78, 139
2026/09/14 16:03:01.268, 0, 47, 100, 5, 427, 109.45, 1898
2026/09/14 16:03:01.271, 1, 17, 0, 0, 5, 8.55, 139
2026/09/14 16:03:02.304, 0, 47, 100, 5, 427, 97.03, 1898
2026/09/14 16:03:02.307, 1, 17, 0, 0, 5, 8.79, 139
2026/09/14 16:03:03.341, 0, 48, 100, 4, 427, 95.68, 1898
2026/09/14 16:03:03.359, 1, 18, 0, 0, 5, 8.69, 139
2026/09/14 16:03:04.394, 0, 47, 100, 4, 427, 129.48, 1898
2026/09/14 16:03:04.396, 1, 17, 0, 0, 5, 8.79, 139
2026/09/14 16:03:05.430, 0, 47, 100, 4, 427, 114.56, 1898
2026/09/14 16:03:05.432, 1, 18, 0, 0, 5, 8.69, 139
2026/09/14 16:03:06.466, 0, 48, 100, 4, 427, 89.37, 1898
2026/09/14 16:03:06.468, 1, 17, 0, 0, 5, 8.69, 139
2026/09/14 16:03:07.500, 0, 47, 100, 5, 427, 109.70, 1898
2026/09/14 16:03:07.504, 1, 17, 0, 0, 5, 8.89, 139
2026/09/14 16:03:08.538, 0, 47, 100, 5, 427, 99.98, 1898
2026/09/14 16:03:08.544, 1, 17, 0, 0, 5, 8.69, 139
2026/09/14 16:03:09.586, 0, 48, 100, 4, 427, 101.48, 1898
2026/09/14 16:03:09.588, 1, 17, 0, 0, 5, 8.89, 139
2026/09/14 16:03:10.622, 0, 48, 100, 4, 427, 134.06, 1898
2026/09/14 16:03:10.628, 1, 17, 0, 0, 5, 8.79, 139
2026/09/14 16:03:11.662, 0, 48, 100, 5, 427, 99.25, 1898
2026/09/14 16:03:11.665, 1, 17, 0, 0, 5, 8.89, 139
2026/09/14 16:03:12.698, 0, 48, 100, 4, 427, 129.67, 1898
2026/09/14 16:03:12.701, 1, 18, 0, 0, 5, 8.60, 139
2026/09/14 16:03:13.734, 0, 47, 100, 4, 427, 115.10, 1898
2026/09/14 16:03:13.737, 1, 17, 0, 0, 5, 8.93, 139
2026/09/14 16:03:14.774, 0, 48, 100, 5, 427, 86.99, 1898
2026/09/14 16:03:14.776, 1, 17, 0, 0, 5, 8.79, 139
2026/09/14 16:03:15.810, 0, 48, 100, 4, 427, 105.64, 1898
2026/09/14 16:03:15.813, 1, 17, 0, 0, 5, 8.79, 139
2026/09/14 16:03:16.846, 0, 48, 100, 4, 427, 100.25, 1898
2026/09/14 16:03:16.848, 1, 17, 0, 0, 5, 8.55, 139
2026/09/14 16:03:17.881, 0, 48, 100, 4, 427, 104.96, 1898
2026/09/14 16:03:17.886, 1, 17, 0, 0, 5, 8.79, 139
2026/09/14 16:03:18.920, 0, 48, 100, 5, 427, 121.37, 1898
2026/09/14 16:03:18.923, 1, 17, 0, 0, 5, 8.69, 139
2026/09/14 16:03:19.955, 0, 48, 100, 3, 427, 89.67, 1898
2026/09/14 16:03:19.960, 1, 17, 0, 0, 5, 8.69, 139
2026/09/14 16:03:20.992, 0, 48, 100, 4, 427, 127.11, 1898
2026/09/14 16:03:20.996, 1, 18, 0, 0, 5, 8.89, 139
2026/09/14 16:03:22.028, 0, 47, 100, 5, 427, 142.71, 1898
2026/09/14 16:03:22.031, 1, 18, 0, 0, 5, 8.89, 139
2026/09/14 16:03:23.066, 0, 48, 100, 5, 427, 97.93, 1898
2026/09/14 16:03:23.069, 1, 17, 0, 0, 5, 9.32, 139
2026/09/14 16:03:24.102, 0, 47, 100, 5, 427, 120.66, 1898
2026/09/14 16:03:24.105, 1, 17, 0, 0, 5, 8.79, 139
2026/09/14 16:03:25.138, 0, 47, 100, 4, 427, 100.71, 1898
2026/09/14 16:03:25.141, 1, 18, 0, 0, 5, 9.32, 139
2026/09/14 16:03:26.175, 0, 47, 100, 5, 427, 117.32, 1898
2026/09/14 16:03:26.177, 1, 18, 0, 0, 5, 8.79, 139
2026/09/14 16:03:27.211, 0, 47, 100, 4, 427, 104.11, 1898
2026/09/14 16:03:27.214, 1, 17, 0, 0, 5, 8.89, 139
2026/09/14 16:03:28.246, 0, 47, 100, 5, 427, 86.02, 1898
2026/09/14 16:03:28.248, 1, 17, 0, 0, 5, 8.78, 139
2026/09/14 16:03:29.287, 0, 47, 100, 4, 427, 101.46, 1898
2026/09/14 16:03:29.290, 1, 18, 0, 0, 5, 8.79, 139
2026/09/14 16:03:30.322, 0, 47, 100, 5, 427, 116.02, 1898
2026/09/14 16:03:30.325, 1, 17, 0, 0, 5, 9.23, 139
2026/09/14 16:03:31.358, 0, 48, 100, 4, 427, 101.72, 1898
2026/09/14 16:03:31.363, 1, 17, 0, 0, 5, 9.13, 139
2026/09/14 16:03:32.394, 0, 47, 100, 4, 427, 134.66, 1898
2026/09/14 16:03:32.397, 1, 17, 0, 0, 5, 8.79, 139
2026/09/14 16:03:33.429, 0, 47, 100, 4, 427, 93.60, 1898
2026/09/14 16:03:33.432, 1, 18, 0, 0, 5, 9.13, 139
2026/09/14 16:03:34.464, 0, 47, 100, 4, 427, 142.83, 1898
2026/09/14 16:03:34.471, 1, 17, 0, 0, 5, 8.55, 139
2026/09/14 16:03:35.505, 0, 47, 100, 5, 427, 123.85, 1898
2026/09/14 16:03:35.508, 1, 18, 0, 0, 5, 8.69, 139
2026/09/14 16:03:36.542, 0, 47, 100, 5, 427, 92.19, 1898
2026/09/14 16:03:36.544, 1, 18, 0, 0, 5, 8.79, 139
2026/09/14 16:03:37.577, 0, 47, 100, 5, 427, 114.09, 1898
2026/09/14 16:03:37.581, 1, 17, 0, 0, 5, 8.69, 139
2026/09/14 16:03:38.621, 0, 47, 100, 4, 427, 100.22, 1898
2026/09/14 16:03:38.624, 1, 18, 0, 0, 5, 8.89, 139
2026/09/14 16:03:39.657, 0, 48, 100, 5, 427, 104.47, 1898
2026/09/14 16:03:39.662, 1, 18, 0, 0, 5, 8.79, 139
2026/09/14 16:03:40.695, 0, 47, 100, 4, 427, 119.94, 1898
2026/09/14 16:03:40.698, 1, 17, 0, 0, 5, 8.79, 139
2026/09/14 16:03:41.730, 0, 48, 100, 4, 427, 84.95, 1898
2026/09/14 16:03:41.732, 1, 17, 0, 0, 5, 8.79, 139
2026/09/14 16:03:42.766, 0, 47, 100, 5, 427, 114.96, 1898
2026/09/14 16:03:42.769, 1, 18, 0, 0, 5, 8.55, 139
2026/09/14 16:03:43.803, 0, 47, 100, 4, 427, 140.85, 1898
2026/09/14 16:03:43.806, 1, 17, 0, 0, 5, 8.89, 139
2026/09/14 16:03:44.840, 0, 47, 100, 4, 427, 101.14, 1898
2026/09/14 16:03:44.843, 1, 17, 0, 0, 5, 8.89, 139
2026/09/14 16:03:45.878, 0, 47, 100, 4, 427, 120.80, 1898
2026/09/14 16:03:45.881, 1, 17, 0, 0, 5, 8.79, 139
2026/09/14 16:03:46.913, 0, 47, 100, 4, 427, 100.37, 1898
2026/09/14 16:03:46.917, 1, 17, 0, 0, 5, 8.79, 139
2026/09/14 16:03:47.954, 0, 47, 100, 5, 427, 109.94, 1898
2026/09/14 16:03:47.959, 1, 17, 0, 0, 5, 8.69, 139
2026/09/14 16:03:48.991, 0, 47, 100, 4, 427, 98.08, 1898
2026/09/14 16:03:48.994, 1, 17, 0, 0, 5, 8.79, 139
2026/09/14 16:03:50.028, 0, 47, 100, 5, 427, 84.00, 1898
2026/09/14 16:03:50.031, 1, 17, 0, 0, 5, 8.98, 139
2026/09/14 16:03:51.062, 0, 47, 100, 4, 427, 101.71, 1898
2026/09/14 16:03:51.066, 1, 17, 0, 0, 5, 8.69, 139
2026/09/14 16:03:52.098, 0, 47, 100, 4, 427, 115.00, 1898
2026/09/14 16:03:52.101, 1, 17, 0, 0, 5, 8.55, 139
2026/09/14 16:03:53.135, 0, 47, 100, 3, 427, 102.45, 1898
2026/09/14 16:03:53.138, 1, 17, 0, 0, 5, 8.60, 139
2026/09/14 16:03:54.170, 0, 47, 100, 4, 427, 135.32, 1898
2026/09/14 16:03:54.173, 1, 17, 0, 0, 5, 9.66, 139
2026/09/14 16:03:55.207, 0, 47, 100, 5, 427, 97.84, 1898
2026/09/14 16:03:55.214, 1, 17, 0, 0, 5, 8.69, 139
2026/09/14 16:03:56.246, 0, 47, 100, 4, 427, 136.12, 1898
2026/09/14 16:03:56.249, 1, 17, 0, 0, 5, 9.23, 139
2026/09/14 16:03:57.286, 0, 47, 100, 5, 427, 114.06, 1898
2026/09/14 16:03:57.288, 1, 17, 0, 0, 5, 8.79, 139
2026/09/14 16:03:58.321, 0, 48, 100, 5, 427, 88.79, 1898
2026/09/14 16:03:58.324, 1, 17, 0, 0, 5, 8.55, 139
2026/09/14 16:03:59.370, 0, 47, 100, 5, 427, 107.67, 1898
2026/09/14 16:03:59.371, 1, 17, 0, 0, 5, 8.89, 139
2026/09/14 16:04:00.402, 0, 47, 100, 5, 427, 110.85, 1898
2026/09/14 16:04:00.404, 1, 17, 0, 0, 5, 8.98, 139
2026/09/14 16:04:01.445, 0, 48, 100, 5, 427, 104.72, 1898
2026/09/14 16:04:01.449, 1, 17, 0, 0, 5, 9.03, 139
2026/09/14 16:04:02.482, 0, 48, 100, 5, 427, 124.48, 1898
2026/09/14 16:04:02.487, 1, 17, 0, 0, 5, 8.64, 139
2026/09/14 16:04:03.522, 0, 47, 100, 4, 427, 101.19, 1898
2026/09/14 16:04:03.525, 1, 17, 0, 0, 5, 8.89, 139
2026/09/14 16:04:04.559, 0, 48, 100, 4, 427, 118.93, 1898
2026/09/14 16:04:04.561, 1, 17, 0, 0, 5, 8.55, 139
2026/09/14 16:04:05.596, 0, 48, 100, 3, 427, 105.72, 1898
2026/09/14 16:04:05.598, 1, 17, 0, 0, 5, 8.79, 139
2026/09/14 16:04:06.631, 0, 48, 100, 4, 427, 85.29, 1898
2026/09/14 16:04:06.636, 1, 17, 0, 0, 5, 8.89, 139
2026/09/14 16:04:07.670, 0, 48, 100, 5, 427, 103.51, 1898
2026/09/14 16:04:07.672, 1, 17, 0, 0, 5, 9.03, 139
2026/09/14 16:04:08.704, 0, 47, 100, 5, 427, 102.62, 1898
2026/09/14 16:04:08.707, 1, 17, 0, 0, 5, 8.69, 139
2026/09/14 16:04:09.741, 0, 48, 100, 5, 427, 104.72, 1898
2026/09/14 16:04:09.743, 1, 17, 0, 0, 5, 8.69, 139
2026/09/14 16:04:10.776, 0, 47, 100, 5, 427, 116.14, 1898
2026/09/14 16:04:10.778, 1, 17, 0, 0, 5, 8.55, 139
2026/09/14 16:04:11.812, 0, 48, 100, 5, 427, 87.05, 1898
2026/09/14 16:04:11.815, 1, 17, 0, 0, 5, 8.80, 139
2026/09/14 16:04:12.848, 0, 47, 100, 4, 427, 120.81, 1898
2026/09/14 16:04:12.851, 1, 17, 0, 0, 5, 9.13, 139
2026/09/14 16:04:13.884, 0, 47, 100, 4, 427, 145.14, 1898
2026/09/14 16:04:13.887, 1, 17, 0, 0, 5, 8.79, 139
2026/09/14 16:04:14.922, 0, 48, 100, 5, 427, 99.26, 1898
2026/09/14 16:04:14.925, 1, 17, 0, 0, 5, 8.55, 139
2026/09/14 16:04:15.956, 0, 47, 100, 4, 427, 124.89, 1898
2026/09/14 16:04:15.959, 1, 17, 0, 0, 5, 8.79, 139
2026/09/14 16:04:16.991, 0, 48, 100, 4, 427, 100.56, 1898
2026/09/14 16:04:16.994, 1, 17, 0, 0, 5, 8.69, 139
2026/09/14 16:04:18.028, 0, 48, 100, 4, 427, 124.07, 1898
2026/09/14 16:04:18.031, 1, 17, 0, 0, 5, 8.69, 139
2026/09/14 16:04:19.064, 0, 47, 100, 5, 427, 110.08, 1898
2026/09/14 16:04:19.067, 1, 17, 0, 0, 5, 8.79, 139
2026/09/14 16:04:20.100, 0, 48, 100, 4, 427, 87.91, 1898
2026/09/14 16:04:20.102, 1, 17, 0, 0, 5, 8.69, 139
2026/09/14 16:04:21.134, 0, 47, 100, 5, 427, 109.11, 1898
2026/09/14 16:04:21.137, 1, 18, 0, 0, 5, 8.79, 139
2026/09/14 16:04:22.171, 0, 47, 100, 5, 427, 97.90, 1898
2026/09/14 16:04:22.174, 1, 17, 0, 0, 5, 8.79, 139
2026/09/14 16:04:23.207, 0, 47, 100, 4, 427, 104.48, 1898
2026/09/14 16:04:23.214, 1, 17, 0, 0, 5, 13.88, 139
2026/09/14 16:04:24.247, 0, 47, 100, 4, 427, 115.68, 1898
2026/09/14 16:04:24.250, 1, 17, 0, 0, 5, 9.32, 139
2026/09/14 16:04:25.286, 0, 48, 100, 4, 427, 91.11, 1898
2026/09/14 16:04:25.289, 1, 17, 0, 0, 5, 8.79, 139
2026/09/14 16:04:26.322, 0, 47, 100, 4, 427, 131.71, 1898
2026/09/14 16:04:26.325, 1, 17, 0, 0, 5, 8.69, 139
2026/09/14 16:04:27.363, 0, 47, 100, 5, 427, 101.38, 1898
2026/09/14 16:04:27.381, 1, 18, 0, 0, 5, 8.89, 139
2026/09/14 16:04:28.414, 0, 48, 100, 4, 427, 83.51, 1898
2026/09/14 16:04:28.416, 1, 17, 0, 0, 5, 9.23, 139
2026/09/14 16:04:29.454, 0, 48, 100, 5, 427, 107.97, 1898
2026/09/14 16:04:29.457, 1, 17, 0, 0, 5, 8.79, 139
2026/09/14 16:04:30.489, 0, 47, 100, 5, 427, 135.53, 1898
2026/09/14 16:04:30.492, 1, 17, 0, 0, 5, 9.37, 139
2026/09/14 16:04:31.527, 0, 48, 100, 5, 427, 105.19, 1898
2026/09/14 16:04:31.529, 1, 17, 0, 0, 5, 8.79, 139
2026/09/14 16:04:32.564, 0, 48, 100, 4, 427, 127.02, 1898
2026/09/14 16:04:32.568, 1, 17, 0, 0, 5, 8.79, 139
2026/09/14 16:04:33.601, 0, 48, 100, 5, 427, 101.32, 1898
2026/09/14 16:04:33.604, 1, 17, 0, 0, 5, 8.69, 139
2026/09/14 16:04:34.640, 0, 48, 100, 4, 427, 120.08, 1898
2026/09/14 16:04:34.642, 1, 17, 0, 0, 5, 8.55, 139
2026/09/14 16:04:35.680, 0, 48, 100, 5, 427, 98.87, 1898
2026/09/14 16:04:35.684, 1, 17, 0, 0, 5, 9.03, 139
2026/09/14 16:04:36.718, 0, 48, 100, 4, 427, 83.75, 1898
2026/09/14 16:04:36.721, 1, 17, 0, 0, 5, 8.69, 139
2026/09/14 16:04:37.754, 0, 47, 100, 5, 427, 101.24, 1898
2026/09/14 16:04:37.757, 1, 17, 0, 0, 5, 8.80, 139
2026/09/14 16:04:38.790, 0, 48, 100, 4, 427, 126.39, 1898
2026/09/14 16:04:38.794, 1, 18, 0, 0, 5, 8.55, 139
2026/09/14 16:04:39.830, 0, 48, 100, 5, 427, 102.40, 1898
2026/09/14 16:04:39.836, 1, 17, 0, 0, 5, 8.69, 139
2026/09/14 16:04:40.868, 0, 48, 100, 4, 427, 130.14, 1898
2026/09/14 16:04:40.871, 1, 17, 0, 0, 5, 9.13, 139
2026/09/14 16:04:41.904, 0, 48, 100, 4, 427, 100.37, 1898
2026/09/14 16:04:41.907, 1, 17, 0, 0, 5, 8.69, 139
2026/09/14 16:04:42.942, 0, 48, 100, 5, 427, 124.94, 1898
2026/09/14 16:04:42.944, 1, 17, 0, 0, 5, 8.79, 139
2026/09/14 16:04:43.978, 0, 48, 100, 4, 427, 104.93, 1898
2026/09/14 16:04:43.984, 1, 17, 0, 0, 5, 8.79, 139
2026/09/14 16:04:45.017, 0, 48, 100, 4, 427, 85.79, 1898
2026/09/14 16:04:45.020, 1, 17, 0, 0, 5, 8.79, 139
2026/09/14 16:04:46.053, 0, 48, 100, 4, 427, 104.52, 1898
2026/09/14 16:04:46.056, 1, 17, 0, 0, 5, 8.79, 139
2026/09/14 16:04:47.088, 0, 48, 100, 4, 427, 101.17, 1898
2026/09/14 16:04:47.091, 1, 17, 0, 0, 5, 9.03, 139
2026/09/14 16:04:48.127, 0, 48, 100, 5, 427, 102.45, 1898
2026/09/14 16:04:48.132, 1, 17, 0, 0, 5, 8.79, 139
2026/09/14 16:04:49.165, 0, 48, 100, 4, 427, 133.25, 1898
2026/09/14 16:04:49.168, 1, 18, 0, 0, 5, 8.79, 139
2026/09/14 16:04:50.200, 0, 48, 100, 5, 427, 94.98, 1898
2026/09/14 16:04:50.203, 1, 17, 0, 0, 5, 8.69, 139
2026/09/14 16:04:51.236, 0, 48, 100, 4, 427, 136.50, 1898
2026/09/14 16:04:51.239, 1, 17, 0, 0, 5, 11.07, 139
2026/09/14 16:04:52.274, 0, 48, 100, 5, 427, 121.29, 1898
2026/09/14 16:04:52.280, 1, 17, 0, 0, 5, 9.13, 139
2026/09/14 16:04:53.315, 0, 48, 100, 3, 427, 90.54, 1898
2026/09/14 16:04:53.318, 1, 18, 0, 0, 5, 9.13, 139
2026/09/14 16:04:54.364, 0, 48, 100, 4, 427, 101.72, 1898
2026/09/14 16:04:54.366, 1, 17, 0, 0, 5, 8.60, 139
2026/09/14 16:04:55.398, 0, 48, 100, 5, 427, 117.90, 1898
2026/09/14 16:04:55.401, 1, 17, 0, 0, 5, 8.69, 139
2026/09/14 16:04:56.433, 0, 48, 100, 4, 427, 103.27, 1898
2026/09/14 16:04:56.435, 1, 17, 0, 0, 5, 8.89, 139
2026/09/14 16:04:57.470, 0, 48, 100, 5, 427, 135.08, 1898
2026/09/14 16:04:57.472, 1, 17, 0, 0, 5, 8.79, 139
2026/09/14 16:04:58.505, 0, 48, 100, 5, 427, 94.26, 1898
2026/09/14 16:04:58.508, 1, 17, 0, 0, 5, 8.89, 139
2026/09/14 16:04:59.543, 0, 48, 100, 4, 427, 139.52, 1898
2026/09/14 16:04:59.545, 1, 17, 0, 0, 5, 8.89, 139
2026/09/14 16:05:00.579, 0, 48, 100, 5, 427, 133.57, 1898
2026/09/14 16:05:00.581, 1, 17, 0, 0, 5, 8.89, 139
2026/09/14 16:05:01.619, 0, 48, 100, 5, 427, 89.91, 1898
2026/09/14 16:05:01.623, 1, 17, 0, 0, 5, 8.69, 139
2026/09/14 16:05:02.656, 0, 48, 100, 5, 427, 109.94, 1898
2026/09/14 16:05:02.659, 1, 17, 0, 0, 5, 8.55, 139
2026/09/14 16:05:03.691, 0, 48, 100, 4, 427, 99.35, 1898
2026/09/14 16:05:03.694, 1, 17, 0, 0, 5, 8.93, 139
2026/09/14 16:05:04.729, 0, 48, 100, 5, 427, 108.39, 1898
2026/09/14 16:05:04.732, 1, 17, 0, 0, 5, 8.79, 139
2026/09/14 16:05:05.767, 0, 48, 100, 3, 427, 112.06, 1898
2026/09/14 16:05:05.772, 1, 17, 0, 0, 5, 8.55, 139
2026/09/14 16:05:06.806, 0, 48, 100, 4, 427, 85.92, 1898
2026/09/14 16:05:06.809, 1, 17, 0, 0, 5, 8.79, 139
2026/09/14 16:05:07.841, 0, 48, 100, 5, 427, 116.31, 1898
2026/09/14 16:05:07.843, 1, 17, 0, 0, 5, 9.03, 139
2026/09/14 16:05:08.879, 0, 48, 100, 5, 427, 143.21, 1898
2026/09/14 16:05:08.881, 1, 17, 0, 0, 5, 9.03, 139
2026/09/14 16:05:09.916, 0, 48, 100, 5, 427, 96.79, 1898
2026/09/14 16:05:09.921, 1, 17, 0, 0, 5, 9.23, 139
2026/09/14 16:05:10.955, 0, 48, 100, 5, 427, 119.11, 1898
2026/09/14 16:05:10.957, 1, 17, 0, 0, 5, 8.79, 139
2026/09/14 16:05:11.991, 0, 48, 100, 5, 427, 99.64, 1898
2026/09/14 16:05:11.994, 1, 17, 0, 0, 5, 8.79, 139
2026/09/14 16:05:13.028, 0, 48, 100, 4, 427, 115.78, 1898
2026/09/14 16:05:13.031, 1, 17, 0, 0, 5, 9.03, 139
2026/09/14 16:05:14.064, 0, 48, 100, 4, 427, 99.29, 1898
2026/09/14 16:05:14.070, 1, 17, 0, 0, 5, 8.79, 139
2026/09/14 16:05:15.104, 0, 48, 100, 5, 427, 84.00, 1898
2026/09/14 16:05:15.107, 1, 17, 0, 0, 5, 9.03, 139
2026/09/14 16:05:16.139, 0, 48, 100, 4, 427, 102.19, 1898
2026/09/14 16:05:16.141, 1, 17, 0, 0, 5, 8.89, 139
2026/09/14 16:05:17.176, 0, 48, 100, 4, 427, 122.70, 1898
2026/09/14 16:05:17.179, 1, 17, 0, 0, 5, 8.79, 139
2026/09/14 16:05:18.215, 0, 48, 100, 4, 427, 105.02, 1898
2026/09/14 16:05:18.219, 1, 17, 0, 0, 5, 8.79, 139
2026/09/14 16:05:19.252, 0, 48, 100, 5, 427, 133.27, 1898
2026/09/14 16:05:19.256, 1, 17, 0, 0, 5, 8.69, 139
2026/09/14 16:05:20.289, 0, 48, 100, 5, 427, 97.22, 1898
2026/09/14 16:05:20.291, 1, 17, 0, 0, 5, 14.89, 139
2026/09/14 16:05:21.324, 0, 48, 100, 5, 427, 129.67, 1898
2026/09/14 16:05:21.328, 1, 17, 0, 0, 5, 9.32, 139
2026/09/14 16:05:22.378, 0, 48, 100, 5, 427, 108.19, 1898
2026/09/14 16:05:22.380, 1, 18, 0, 0, 5, 8.60, 139
2026/09/14 16:05:23.416, 0, 48, 100, 4, 427, 87.53, 1898
2026/09/14 16:05:23.419, 1, 18, 0, 0, 5, 8.69, 139
2026/09/14 16:05:24.453, 0, 48, 100, 4, 427, 127.34, 1898
2026/09/14 16:05:24.456, 1, 18, 0, 0, 5, 8.89, 139
2026/09/14 16:05:25.490, 0, 48, 100, 4, 427, 139.87, 1898
2026/09/14 16:05:25.494, 1, 17, 0, 0, 5, 8.79, 139
2026/09/14 16:05:26.529, 0, 48, 100, 4, 427, 90.88, 1898
2026/09/14 16:05:26.536, 1, 17, 0, 0, 5, 8.89, 139
2026/09/14 16:05:27.568, 0, 48, 100, 5, 427, 112.45, 1898
2026/09/14 16:05:27.571, 1, 17, 0, 0, 5, 8.79, 139
2026/09/14 16:05:28.604, 0, 48, 100, 5, 427, 99.50, 1898
2026/09/14 16:05:28.606, 1, 17, 0, 0, 5, 8.89, 139
2026/09/14 16:05:29.640, 0, 48, 100, 5, 427, 112.68, 1898
2026/09/14 16:05:29.642, 1, 17, 0, 0, 5, 9.03, 139
2026/09/14 16:05:30.674, 0, 47, 100, 4, 427, 102.30, 1898
2026/09/14 16:05:30.677, 1, 17, 0, 0, 5, 8.79, 139
2026/09/14 16:05:31.709, 0, 48, 100, 5, 427, 85.07, 1898
2026/09/14 16:05:31.712, 1, 18, 0, 0, 5, 8.89, 139
2026/09/14 16:05:32.745, 0, 48, 100, 4, 427, 103.74, 1898
2026/09/14 16:05:32.747, 1, 17, 0, 0, 5, 9.13, 139
2026/09/14 16:05:33.780, 0, 48, 100, 4, 427, 103.71, 1898
2026/09/14 16:05:33.784, 1, 17, 0, 0, 5, 8.69, 139
2026/09/14 16:05:34.817, 0, 48, 100, 5, 427, 104.00, 1898
2026/09/14 16:05:34.820, 1, 17, 0, 0, 5, 8.69, 139
2026/09/14 16:05:35.853, 0, 48, 100, 4, 427, 128.80, 1898
2026/09/14 16:05:35.867, 1, 18, 0, 0, 5, 8.79, 139
2026/09/14 16:05:36.901, 0, 48, 100, 5, 427, 100.37, 1898
2026/09/14 16:05:36.907, 1, 17, 0, 0, 5, 8.93, 139
2026/09/14 16:05:37.943, 0, 48, 100, 4, 427, 114.33, 1898
2026/09/14 16:05:37.946, 1, 17, 0, 0, 5, 8.89, 139
2026/09/14 16:05:38.979, 0, 48, 100, 5, 427, 101.72, 1898
2026/09/14 16:05:38.982, 1, 17, 0, 0, 5, 8.55, 139
2026/09/14 16:05:40.015, 0, 48, 100, 4, 427, 85.31, 1898
2026/09/14 16:05:40.017, 1, 17, 0, 0, 5, 8.55, 139
2026/09/14 16:05:41.051, 0, 48, 100, 5, 427, 103.27, 1898
2026/09/14 16:05:41.053, 1, 17, 0, 0, 5, 8.69, 139
2026/09/14 16:05:42.088, 0, 48, 100, 4, 427, 112.68, 1898
2026/09/14 16:05:42.091, 1, 17, 0, 0, 5, 8.69, 139
2026/09/14 16:05:43.123, 0, 48, 100, 4, 427, 103.03, 1898
2026/09/14 16:05:43.127, 1, 17, 0, 0, 5, 8.69, 139
2026/09/14 16:05:44.159, 0, 48, 100, 4, 427, 126.66, 1898
2026/09/14 16:05:44.162, 1, 17, 0, 0, 5, 9.23, 139
2026/09/14 16:05:45.195, 0, 48, 100, 4, 427, 90.15, 1898
2026/09/14 16:05:45.197, 1, 17, 0, 0, 5, 8.89, 139
2026/09/14 16:05:46.232, 0, 48, 100, 4, 427, 131.47, 1898
2026/09/14 16:05:46.234, 1, 17, 0, 0, 5, 8.79, 139
2026/09/14 16:05:47.267, 0, 48, 100, 5, 427, 143.06, 1898
2026/09/14 16:05:47.270, 1, 17, 0, 0, 5, 9.03, 139
2026/09/14 16:05:48.307, 0, 48, 100, 5, 427, 92.57, 1898
2026/09/14 16:05:48.312, 1, 17, 0, 0, 5, 14.65, 139
2026/09/14 16:05:49.367, 0, 48, 100, 5, 427, 124.03, 1898
2026/09/14 16:05:49.370, 1, 17, 0, 0, 5, 9.56, 139
2026/09/14 16:05:50.420, 0, 48, 100, 5, 427, 104.62, 1898
2026/09/14 16:05:50.423, 1, 18, 0, 0, 5, 8.89, 139
2026/09/14 16:05:51.456, 0, 48, 100, 4, 427, 85.55, 1898
2026/09/14 16:05:51.459, 1, 17, 0, 0, 5, 9.03, 139
2026/09/14 16:05:52.493, 0, 48, 100, 4, 427, 104.00, 1898
2026/09/14 16:05:52.495, 1, 17, 0, 0, 5, 8.79, 139
2026/09/14 16:05:53.528, 0, 48, 100, 4, 427, 102.59, 1898
2026/09/14 16:05:53.531, 1, 17, 0, 0, 5, 8.69, 139
2026/09/14 16:05:54.563, 0, 48, 100, 4, 427, 105.19, 1898
2026/09/14 16:05:54.566, 1, 17, 0, 0, 5, 8.89, 139
2026/09/14 16:05:55.598, 0, 48, 100, 5, 427, 110.62, 1898
2026/09/14 16:05:55.601, 1, 17, 0, 0, 5, 8.79, 139
2026/09/14 16:05:56.633, 0, 48, 100, 4, 427, 82.44, 1898
2026/09/14 16:05:56.636, 1, 17, 0, 0, 5, 8.55, 139
2026/09/14 16:05:57.670, 0, 48, 100, 5, 427, 116.29, 1898
2026/09/14 16:05:57.672, 1, 17, 0, 0, 5, 9.03, 139
2026/09/14 16:05:58.708, 0, 48, 100, 4, 427, 139.74, 1898
2026/09/14 16:05:58.714, 1, 17, 0, 0, 5, 8.89, 139
2026/09/14 16:05:59.749, 0, 48, 100, 4, 427, 91.12, 1898
2026/09/14 16:05:59.756, 1, 17, 0, 0, 5, 9.23, 139
2026/09/14 16:06:00.789, 0, 48, 100, 5, 427, 111.00, 1898
2026/09/14 16:06:00.792, 1, 17, 0, 0, 5, 8.89, 139
2026/09/14 16:06:01.825, 0, 48, 100, 5, 427, 99.25, 1898
2026/09/14 16:06:01.828, 1, 17, 0, 0, 5, 9.03, 139
2026/09/14 16:06:02.863, 0, 48, 100, 5, 427, 108.63, 1898
2026/09/14 16:06:02.866, 1, 17, 0, 0, 5, 8.69, 139
2026/09/14 16:06:03.898, 0, 48, 100, 5, 427, 96.77, 1898
2026/09/14 16:06:03.900, 1, 17, 0, 0, 5, 8.79, 139
2026/09/14 16:06:04.934, 0, 48, 100, 5, 427, 83.51, 1898
2026/09/14 16:06:04.936, 1, 17, 0, 0, 5, 8.89, 139
2026/09/14 16:06:05.969, 0, 48, 100, 3, 427, 101.48, 1898
2026/09/14 16:06:05.971, 1, 17, 0, 0, 5, 8.69, 139
2026/09/14 16:06:07.008, 0, 48, 100, 4, 427, 133.98, 1898
2026/09/14 16:06:07.011, 1, 17, 0, 0, 5, 8.69, 139
2026/09/14 16:06:08.044, 0, 48, 100, 5, 427, 105.04, 1898
2026/09/14 16:06:08.046, 1, 17, 0, 0, 5, 8.60, 139
2026/09/14 16:06:09.080, 0, 48, 100, 4, 427, 140.97, 1898
2026/09/14 16:06:09.082, 1, 17, 0, 0, 5, 8.79, 139
2026/09/14 16:06:10.115, 0, 49, 100, 4, 525, 142.73, 1898
2026/09/14 16:06:10.117, 1, 17, 0, 0, 5, 8.79, 139
2026/09/14 16:06:11.151, 0, 48, 100, 5, 525, 97.95, 1898
2026/09/14 16:06:11.153, 1, 17, 0, 0, 5, 8.89, 139
2026/09/14 16:06:12.186, 0, 48, 100, 5, 525, 139.07, 1898
2026/09/14 16:06:12.189, 1, 17, 0, 0, 5, 8.89, 139
2026/09/14 16:06:13.223, 0, 48, 100, 4, 525, 121.28, 1898
2026/09/14 16:06:13.225, 1, 17, 0, 0, 5, 8.69, 139
2026/09/14 16:06:14.265, 0, 48, 100, 5, 525, 86.85, 1898
2026/09/14 16:06:14.267, 1, 17, 0, 0, 5, 8.69, 139
2026/09/14 16:06:15.303, 0, 48, 100, 4, 525, 103.75, 1898
2026/09/14 16:06:15.307, 1, 17, 0, 0, 5, 8.89, 139
2026/09/14 16:06:16.344, 0, 48, 100, 4, 525, 99.21, 1898
2026/09/14 16:06:16.378, 1, 18, 0, 0, 5, 10.29, 139
2026/09/14 16:06:17.411, 0, 48, 100, 4, 525, 82.93, 1898
2026/09/14 16:06:17.414, 1, 17, 0, 0, 5, 9.32, 139
2026/09/14 16:06:18.448, 0, 48, 100, 4, 525, 122.00, 1898
2026/09/14 16:06:18.453, 1, 17, 0, 0, 5, 8.69, 139
2026/09/14 16:06:19.492, 0, 48, 100, 5, 525, 130.72, 1898
2026/09/14 16:06:19.496, 1, 17, 0, 0, 5, 8.55, 139
2026/09/14 16:06:20.530, 0, 48, 100, 4, 525, 93.14, 1898
2026/09/14 16:06:20.533, 1, 17, 0, 0, 5, 8.79, 139
2026/09/14 16:06:21.565, 0, 48, 100, 5, 525, 115.29, 1898
2026/09/14 16:06:21.568, 1, 17, 0, 0, 5, 9.03, 139
2026/09/14 16:06:22.601, 0, 48, 100, 4, 525, 101.04, 1898
2026/09/14 16:06:22.604, 1, 17, 0, 0, 5, 9.03, 139
2026/09/14 16:06:23.638, 0, 48, 100, 5, 525, 112.45, 1898
2026/09/14 16:06:23.641, 1, 17, 0, 0, 5, 8.55, 139
2026/09/14 16:06:24.677, 0, 48, 100, 4, 525, 95.34, 1898
2026/09/14 16:06:24.679, 1, 17, 0, 0, 5, 8.79, 139
2026/09/14 16:06:25.713, 0, 48, 100, 4, 525, 83.03, 1898
2026/09/14 16:06:25.716, 1, 17, 0, 0, 5, 8.79, 139
2026/09/14 16:06:26.750, 0, 48, 100, 5, 525, 108.28, 1898
2026/09/14 16:06:26.753, 1, 17, 0, 0, 5, 8.89, 139
2026/09/14 16:06:27.787, 0, 48, 100, 4, 525, 138.41, 1898
2026/09/14 16:06:27.790, 1, 17, 0, 0, 5, 9.13, 139
2026/09/14 16:06:28.823, 0, 48, 100, 4, 525, 105.65, 1898
2026/09/14 16:06:28.825, 1, 17, 0, 0, 5, 8.79, 139
2026/09/14 16:06:29.860, 0, 48, 100, 4, 525, 131.75, 1898
2026/09/14 16:06:29.862, 1, 17, 0, 0, 5, 8.93, 139
2026/09/14 16:06:30.897, 0, 48, 100, 5, 525, 101.11, 1898
2026/09/14 16:06:30.903, 1, 17, 0, 0, 5, 8.55, 139
2026/09/14 16:06:31.937, 0, 48, 100, 4, 525, 117.08, 1898
2026/09/14 16:06:31.939, 1, 17, 0, 0, 5, 8.69, 139
2026/09/14 16:06:32.973, 0, 48, 100, 4, 525, 103.14, 1898
2026/09/14 16:06:32.976, 1, 17, 0, 0, 5, 8.89, 139
2026/09/14 16:06:34.009, 0, 48, 100, 5, 525, 84.73, 1898
2026/09/14 16:06:34.013, 1, 18, 0, 0, 5, 9.03, 139
2026/09/14 16:06:35.045, 0, 48, 100, 4, 525, 101.82, 1898
2026/09/14 16:06:35.054, 1, 17, 0, 0, 5, 8.69, 139
2026/09/14 16:06:36.093, 0, 48, 100, 4, 525, 142.15, 1898
2026/09/14 16:06:36.096, 1, 17, 0, 0, 5, 8.55, 139
2026/09/14 16:06:37.128, 0, 48, 100, 4, 525, 100.90, 1898
2026/09/14 16:06:37.131, 1, 17, 0, 0, 5, 8.79, 139
2026/09/14 16:06:38.164, 0, 48, 100, 5, 525, 124.82, 1898
2026/09/14 16:06:38.167, 1, 18, 0, 0, 5, 8.78, 139
2026/09/14 16:06:39.199, 0, 48, 100, 5, 525, 100.13, 1898
2026/09/14 16:06:39.207, 1, 17, 0, 0, 5, 9.13, 139
2026/09/14 16:06:40.240, 0, 48, 100, 5, 525, 116.38, 1898
2026/09/14 16:06:40.242, 1, 17, 0, 0, 5, 8.79, 139
2026/09/14 16:06:41.275, 0, 48, 100, 5, 525, 107.67, 1898
2026/09/14 16:06:41.287, 1, 17, 0, 0, 5, 8.69, 139
2026/09/14 16:06:42.330, 0, 48, 100, 4, 525, 98.21, 1898
2026/09/14 16:06:42.333, 1, 17, 0, 0, 5, 8.79, 139
2026/09/14 16:06:43.379, 0, 48, 100, 5, 525, 111.38, 1898
2026/09/14 16:06:43.382, 1, 17, 0, 0, 5, 9.32, 139
2026/09/14 16:06:44.416, 0, 48, 100, 5, 525, 96.72, 1898
2026/09/14 16:06:44.419, 1, 17, 0, 0, 5, 10.00, 139
2026/09/14 16:06:45.451, 0, 48, 100, 5, 525, 84.00, 1898
2026/09/14 16:06:45.453, 1, 17, 0, 0, 5, 9.13, 139
2026/09/14 16:06:46.487, 0, 48, 100, 4, 525, 102.30, 1898
2026/09/14 16:06:46.490, 1, 17, 0, 0, 5, 8.55, 139
2026/09/14 16:06:47.522, 0, 48, 100, 5, 525, 119.46, 1898
2026/09/14 16:06:47.527, 1, 17, 0, 0, 5, 9.13, 139
2026/09/14 16:06:48.565, 0, 48, 100, 4, 525, 100.17, 1898
2026/09/14 16:06:48.570, 1, 17, 0, 0, 5, 8.79, 139
2026/09/14 16:06:49.602, 0, 48, 100, 5, 525, 121.80, 1898
2026/09/14 16:06:49.607, 1, 17, 0, 0, 5, 9.13, 139
2026/09/14 16:06:50.639, 0, 48, 100, 5, 525, 100.67, 1898
2026/09/14 16:06:50.643, 1, 17, 0, 0, 5, 8.79, 139
2026/09/14 16:06:51.678, 0, 48, 100, 5, 525, 116.14, 1898
2026/09/14 16:06:51.680, 1, 17, 0, 0, 5, 8.55, 139
2026/09/14 16:06:52.713, 0, 48, 100, 4, 525, 105.49, 1898
2026/09/14 16:06:52.715, 1, 17, 0, 0, 5, 8.79, 139
2026/09/14 16:06:53.750, 0, 48, 100, 4, 525, 84.82, 1898
2026/09/14 16:06:53.753, 1, 17, 0, 0, 5, 8.89, 139
2026/09/14 16:06:54.785, 0, 48, 100, 5, 525, 104.48, 1898
2026/09/14 16:06:54.788, 1, 17, 0, 0, 5, 8.79, 139
2026/09/14 16:06:55.821, 0, 48, 100, 4, 525, 110.26, 1898
2026/09/14 16:06:55.824, 1, 17, 0, 0, 5, 8.79, 139
2026/09/14 16:06:56.857, 0, 48, 100, 4, 525, 102.21, 1898
2026/09/14 16:06:56.863, 1, 17, 0, 0, 5, 8.79, 139
2026/09/14 16:06:57.897, 0, 48, 100, 4, 525, 143.07, 1898
2026/09/14 16:06:57.900, 1, 17, 0, 0, 5, 8.55, 139
2026/09/14 16:06:58.932, 0, 48, 100, 4, 525, 99.50, 1898
2026/09/14 16:06:58.936, 1, 17, 0, 0, 5, 8.89, 139
2026/09/14 16:06:59.970, 0, 48, 100, 5, 525, 138.05, 1898
2026/09/14 16:06:59.973, 1, 17, 0, 0, 5, 8.79, 139
2026/09/14 16:07:01.005, 0, 48, 100, 4, 525, 115.05, 1898
2026/09/14 16:07:01.011, 1, 17, 0, 0, 5, 9.52, 139
2026/09/14 16:07:02.046, 0, 48, 100, 5, 525, 88.54, 1898
2026/09/14 16:07:02.048, 1, 17, 0, 0, 5, 8.89, 139
2026/09/14 16:07:03.080, 0, 48, 100, 4, 525, 110.42, 1898
2026/09/14 16:07:03.083, 1, 17, 0, 0, 5, 8.79, 139
2026/09/14 16:07:04.116, 0, 48, 100, 4, 525, 99.01, 1898
2026/09/14 16:07:04.119, 1, 17, 0, 0, 5, 8.69, 139
2026/09/14 16:07:05.163, 0, 48, 100, 4, 525, 102.21, 1898
2026/09/14 16:07:05.165, 1, 17, 0, 0, 5, 8.79, 139
2026/09/14 16:07:06.198, 0, 48, 100, 4, 525, 141.14, 1898
2026/09/14 16:07:06.202, 1, 17, 0, 0, 5, 8.69, 139
2026/09/14 16:07:07.234, 0, 48, 100, 5, 525, 98.43, 1898
2026/09/14 16:07:07.237, 1, 17, 0, 0, 5, 9.03, 139
2026/09/14 16:07:08.269, 0, 48, 100, 4, 525, 141.35, 1898
2026/09/14 16:07:08.272, 1, 17, 0, 0, 5, 8.55, 139
2026/09/14 16:07:09.305, 0, 48, 100, 5, 525, 124.89, 1898
2026/09/14 16:07:09.310, 1, 17, 0, 0, 5, 8.79, 139
2026/09/14 16:07:10.343, 0, 48, 100, 4, 525, 91.75, 1898
2026/09/14 16:07:10.346, 1, 17, 0, 0, 5, 8.55, 139
2026/09/14 16:07:11.379, 0, 48, 100, 4, 525, 113.36, 1898
2026/09/14 16:07:11.382, 1, 17, 0, 0, 5, 8.79, 139
2026/09/14 16:07:12.420, 0, 48, 100, 4, 525, 99.98, 1898
2026/09/14 16:07:12.424, 1, 17, 0, 0, 5, 9.23, 139
2026/09/14 16:07:13.457, 0, 48, 100, 4, 525, 106.70, 1898
2026/09/14 16:07:13.460, 1, 17, 0, 0, 5, 13.15, 139
2026/09/14 16:07:14.493, 0, 48, 100, 5, 525, 112.34, 1898
2026/09/14 16:07:14.495, 1, 17, 0, 0, 5, 9.23, 139
2026/09/14 16:07:15.528, 0, 48, 100, 4, 525, 82.69, 1898
2026/09/14 16:07:15.530, 1, 17, 0, 0, 5, 8.79, 139
2026/09/14 16:07:16.564, 0, 48, 100, 5, 525, 115.18, 1898
2026/09/14 16:07:16.567, 1, 17, 0, 0, 5, 8.98, 139
2026/09/14 16:07:17.601, 0, 48, 100, 4, 525, 140.95, 1898
2026/09/14 16:07:17.603, 1, 17, 0, 0, 5, 8.89, 139
2026/09/14 16:07:18.636, 0, 48, 100, 5, 525, 104.43, 1898
2026/09/14 16:07:18.640, 1, 17, 0, 0, 5, 8.89, 139
2026/09/14 16:07:19.673, 0, 48, 100, 4, 525, 129.48, 1898
2026/09/14 16:07:19.675, 1, 17, 0, 0, 5, 8.79, 139
2026/09/14 16:07:20.707, 0, 48, 100, 4, 525, 99.01, 1898
2026/09/14 16:07:20.710, 1, 17, 0, 0, 5, 8.79, 139
2026/09/14 16:07:21.745, 0, 48, 100, 5, 525, 126.49, 1898
2026/09/14 16:07:21.747, 1, 17, 0, 0, 5, 8.79, 139
2026/09/14 16:07:22.780, 0, 48, 100, 4, 525, 113.22, 1898
2026/09/14 16:07:22.782, 1, 17, 0, 0, 5, 8.70, 139
2026/09/14 16:07:23.814, 0, 48, 100, 4, 525, 89.37, 1898
2026/09/14 16:07:23.817, 1, 17, 0, 0, 5, 8.70, 139
2026/09/14 16:07:24.849, 0, 48, 100, 4, 525, 110.90, 1898
2026/09/14 16:07:24.852, 1, 17, 0, 0, 5, 8.89, 139
2026/09/14 16:07:25.884, 0, 48, 100, 4, 525, 99.54, 1898
2026/09/14 16:07:25.888, 1, 17, 0, 0, 5, 8.55, 139
2026/09/14 16:07:26.920, 0, 48, 100, 5, 525, 110.90, 1898
2026/09/14 16:07:26.922, 1, 17, 0, 0, 5, 8.55, 139
2026/09/14 16:07:27.954, 0, 48, 100, 4, 525, 98.58, 1898
2026/09/14 16:07:27.958, 1, 17, 0, 0, 5, 8.80, 139
2026/09/14 16:07:28.990, 0, 48, 100, 5, 525, 83.46, 1898
2026/09/14 16:07:28.995, 1, 17, 0, 0, 5, 8.55, 139
2026/09/14 16:07:30.027, 0, 48, 100, 4, 525, 102.30, 1898
2026/09/14 16:07:30.030, 1, 17, 0, 0, 5, 8.99, 139
2026/09/14 16:07:31.062, 0, 48, 100, 4, 525, 125.62, 1898
2026/09/14 16:07:31.064, 1, 17, 0, 0, 5, 9.03, 139
2026/09/14 16:07:32.098, 0, 48, 100, 4, 525, 103.41, 1898
2026/09/14 16:07:32.101, 1, 17, 0, 0, 5, 8.79, 139
2026/09/14 16:07:33.134, 0, 48, 100, 5, 525, 142.38, 1898
2026/09/14 16:07:33.136, 1, 17, 0, 0, 5, 8.89, 139
2026/09/14 16:07:34.168, 0, 48, 100, 5, 525, 98.72, 1898
2026/09/14 16:07:34.170, 1, 17, 0, 0, 5, 8.69, 139
2026/09/14 16:07:35.202, 0, 48, 100, 5, 525, 140.65, 1898
2026/09/14 16:07:35.208, 1, 17, 0, 0, 5, 8.89, 139
2026/09/14 16:07:36.239, 0, 48, 100, 5, 525, 130.25, 1898
2026/09/14 16:07:36.242, 1, 17, 0, 0, 5, 8.79, 139
2026/09/14 16:07:37.274, 0, 48, 100, 4, 525, 94.95, 1898
2026/09/14 16:07:37.277, 1, 17, 0, 0, 5, 8.89, 139
2026/09/14 16:07:38.309, 0, 48, 100, 4, 525, 114.63, 1898
2026/09/14 16:07:38.314, 1, 17, 0, 0, 5, 8.79, 139
2026/09/14 16:07:39.349, 0, 48, 100, 4, 525, 99.06, 1898
2026/09/14 16:07:39.359, 1, 17, 0, 0, 5, 8.45, 139
2026/09/14 16:07:40.390, 0, 48, 100, 4, 525, 106.47, 1898
2026/09/14 16:07:40.393, 1, 17, 0, 0, 5, 8.98, 139
2026/09/14 16:07:41.430, 0, 48, 100, 5, 525, 129.19, 1898
2026/09/14 16:07:41.433, 1, 17, 0, 0, 5, 8.55, 139
2026/09/14 16:07:42.466, 0, 48, 100, 4, 525, 90.20, 1898
2026/09/14 16:07:42.468, 1, 17, 0, 0, 5, 8.69, 139
2026/09/14 16:07:43.502, 0, 48, 100, 5, 525, 135.34, 1898
2026/09/14 16:07:43.505, 1, 17, 0, 0, 5, 9.71, 139
2026/09/14 16:07:44.539, 0, 48, 100, 4, 525, 136.24, 1898
2026/09/14 16:07:44.542, 1, 17, 0, 0, 5, 8.89, 139
2026/09/14 16:07:45.575, 0, 48, 100, 5, 525, 95.82, 1898
2026/09/14 16:07:45.577, 1, 17, 0, 0, 5, 8.89, 139
2026/09/14 16:07:46.611, 0, 48, 100, 4, 525, 111.39, 1898
2026/09/14 16:07:46.618, 1, 17, 0, 0, 5, 8.79, 139
2026/09/14 16:07:47.651, 0, 48, 100, 4, 525, 99.14, 1898
2026/09/14 16:07:47.653, 1, 17, 0, 0, 5, 9.13, 139
2026/09/14 16:07:48.686, 0, 48, 100, 5, 525, 112.11, 1898
2026/09/14 16:07:48.688, 1, 17, 0, 0, 5, 8.89, 139
2026/09/14 16:07:49.721, 0, 48, 100, 4, 525, 96.58, 1898
2026/09/14 16:07:49.725, 1, 17, 0, 0, 5, 8.79, 139
2026/09/14 16:07:50.758, 0, 48, 100, 5, 525, 84.04, 1898
2026/09/14 16:07:50.760, 1, 17, 0, 0, 5, 8.79, 139
2026/09/14 16:07:51.793, 0, 48, 100, 4, 525, 101.96, 1898
2026/09/14 16:07:51.798, 1, 18, 0, 0, 5, 8.55, 139
2026/09/14 16:07:52.831, 0, 48, 100, 5, 525, 126.22, 1898
2026/09/14 16:07:52.833, 1, 17, 0, 0, 5, 8.55, 139
2026/09/14 16:07:53.865, 0, 48, 100, 4, 525, 102.46, 1898
2026/09/14 16:07:53.868, 1, 17, 0, 0, 5, 8.89, 139
2026/09/14 16:07:54.900, 0, 48, 100, 5, 525, 138.24, 1898
2026/09/14 16:07:54.903, 1, 17, 0, 0, 5, 9.03, 139
2026/09/14 16:07:55.935, 0, 48, 100, 4, 525, 98.74, 1898
2026/09/14 16:07:55.939, 1, 17, 0, 0, 5, 8.79, 139
2026/09/14 16:07:56.971, 0, 48, 100, 5, 525, 135.60, 1898
2026/09/14 16:07:56.973, 1, 17, 0, 0, 5, 8.89, 139
2026/09/14 16:07:58.005, 0, 48, 100, 4, 525, 140.22, 1898
2026/09/14 16:07:58.008, 1, 18, 0, 0, 5, 8.55, 139
2026/09/14 16:07:59.041, 0, 48, 100, 4, 525, 97.85, 1898
2026/09/14 16:07:59.044, 1, 17, 0, 0, 5, 8.70, 139
2026/09/14 16:08:00.076, 0, 48, 100, 4, 525, 121.86, 1898
2026/09/14 16:08:00.078, 1, 17, 0, 0, 5, 8.79, 139
2026/09/14 16:08:01.110, 0, 48, 100, 5, 525, 101.39, 1898
2026/09/14 16:08:01.114, 1, 17, 0, 0, 5, 8.79, 139
2026/09/14 16:08:02.146, 0, 48, 100, 4, 525, 123.07, 1898
2026/09/14 16:08:02.149, 1, 17, 0, 0, 5, 8.79, 139
2026/09/14 16:08:03.181, 0, 47, 100, 4, 525, 110.63, 1898
2026/09/14 16:08:03.184, 1, 17, 0, 0, 5, 8.55, 139
2026/09/14 16:08:04.216, 0, 48, 100, 5, 525, 87.11, 1898
2026/09/14 16:08:04.221, 1, 17, 0, 0, 5, 8.70, 139
2026/09/14 16:08:05.254, 0, 48, 100, 4, 525, 106.77, 1898
2026/09/14 16:08:05.257, 1, 17, 0, 0, 5, 8.89, 139
2026/09/14 16:08:06.289, 0, 47, 100, 4, 525, 98.10, 1898
2026/09/14 16:08:06.291, 1, 17, 0, 0, 5, 9.13, 139
2026/09/14 16:08:07.324, 0, 47, 100, 4, 525, 106.99, 1898
2026/09/14 16:08:07.327, 1, 17, 0, 0, 5, 8.79, 139
2026/09/14 16:08:08.373, 0, 47, 100, 5, 525, 137.35, 1898
2026/09/14 16:08:08.375, 1, 18, 0, 0, 5, 8.79, 139
2026/09/14 16:08:09.407, 0, 47, 100, 5, 525, 97.29, 1898
2026/09/14 16:08:09.412, 1, 18, 0, 0, 5, 8.79, 139
2026/09/14 16:08:10.445, 0, 48, 100, 5, 525, 134.26, 1898
2026/09/14 16:08:10.448, 1, 17, 0, 0, 5, 8.70, 139
2026/09/14 16:08:11.480, 0, 47, 100, 5, 525, 121.53, 1898
2026/09/14 16:08:11.483, 1, 18, 0, 0, 5, 8.98, 139
2026/09/14 16:08:12.514, 0, 48, 100, 4, 525, 91.66, 1898
2026/09/14 16:08:12.518, 1, 18, 0, 0, 5, 14.56, 139
2026/09/14 16:08:13.567, 0, 47, 100, 4, 525, 101.25, 1898
2026/09/14 16:08:13.570, 1, 18, 0, 0, 5, 9.13, 139
2026/09/14 16:08:14.601, 0, 47, 100, 4, 525, 126.26, 1898
2026/09/14 16:08:14.604, 1, 17, 0, 0, 5, 9.13, 139
2026/09/14 16:08:15.637, 0, 48, 100, 4, 525, 101.74, 1898
2026/09/14 16:08:15.639, 1, 17, 0, 0, 5, 8.55, 139
2026/09/14 16:08:16.671, 0, 47, 100, 5, 525, 138.53, 1898
2026/09/14 16:08:16.674, 1, 18, 0, 0, 5, 9.13, 139
2026/09/14 16:08:17.706, 0, 47, 100, 5, 525, 98.60, 1898
2026/09/14 16:08:17.710, 1, 18, 0, 0, 5, 8.89, 139
2026/09/14 16:08:18.743, 0, 47, 100, 5, 525, 143.40, 1898
2026/09/14 16:08:18.747, 1, 17, 0, 0, 5, 8.79, 139
2026/09/14 16:08:19.780, 0, 47, 100, 4, 525, 130.88, 1898
2026/09/14 16:08:19.782, 1, 18, 0, 0, 5, 8.55, 139
2026/09/14 16:08:20.815, 0, 47, 100, 5, 525, 94.72, 1898
2026/09/14 16:08:20.817, 1, 17, 0, 0, 5, 8.70, 139
2026/09/14 16:08:21.851, 0, 47, 100, 4, 525, 116.68, 1898
2026/09/14 16:08:21.854, 1, 18, 0, 0, 5, 8.70, 139
2026/09/14 16:08:22.886, 0, 47, 100, 4, 525, 99.61, 1898
2026/09/14 16:08:22.889, 1, 18, 0, 0, 5, 9.04, 139
2026/09/14 16:08:23.921, 0, 47, 100, 5, 525, 117.00, 1898
2026/09/14 16:08:23.924, 1, 18, 0, 0, 5, 8.79, 139
2026/09/14 16:08:24.957, 0, 47, 100, 4, 525, 104.38, 1898
2026/09/14 16:08:24.960, 1, 17, 0, 0, 5, 8.89, 139
2026/09/14 16:08:25.993, 0, 47, 100, 4, 525, 85.59, 1898
2026/09/14 16:08:25.995, 1, 18, 0, 0, 5, 8.60, 139
2026/09/14 16:08:27.027, 0, 47, 100, 4, 525, 105.22, 1898
2026/09/14 16:08:27.030, 1, 18, 0, 0, 5, 8.79, 139
2026/09/14 16:08:28.062, 0, 47, 100, 5, 525, 99.51, 1898
2026/09/14 16:08:28.065, 1, 18, 0, 0, 5, 8.55, 139
2026/09/14 16:08:29.097, 0, 47, 100, 5, 525, 106.99, 1898
2026/09/14 16:08:29.100, 1, 18, 0, 0, 5, 8.89, 139
2026/09/14 16:08:30.132, 0, 47, 100, 4, 525, 106.07, 1898
2026/09/14 16:08:30.135, 1, 18, 0, 0, 5, 8.79, 139
2026/09/14 16:08:31.168, 0, 47, 100, 5, 525, 82.49, 1898
2026/09/14 16:08:31.171, 1, 18, 0, 0, 5, 8.55, 139
2026/09/14 16:08:32.203, 0, 47, 100, 4, 525, 101.01, 1898
2026/09/14 16:08:32.205, 1, 17, 0, 0, 5, 8.79, 139
2026/09/14 16:08:33.238, 0, 47, 100, 4, 525, 135.99, 1898
2026/09/14 16:08:33.242, 1, 18, 0, 0, 5, 8.89, 139
2026/09/14 16:08:34.275, 0, 47, 100, 4, 525, 104.82, 1898
2026/09/14 16:08:34.278, 1, 18, 0, 0, 5, 8.70, 139
2026/09/14 16:08:35.310, 0, 47, 100, 4, 525, 139.95, 1898
2026/09/14 16:08:35.312, 1, 18, 0, 0, 5, 8.79, 139
2026/09/14 16:08:36.345, 0, 47, 100, 5, 525, 98.26, 1898
2026/09/14 16:08:36.349, 1, 18, 0, 0, 5, 8.70, 139
2026/09/14 16:08:37.390, 0, 47, 100, 4, 525, 116.67, 1898
2026/09/14 16:08:37.393, 1, 18, 0, 0, 5, 8.79, 139
2026/09/14 16:08:38.425, 0, 47, 100, 5, 525, 105.83, 1898
2026/09/14 16:08:38.428, 1, 18, 0, 0, 5, 8.55, 139
2026/09/14 16:08:39.461, 0, 47, 100, 4, 525, 86.08, 1898
2026/09/14 16:08:39.464, 1, 18, 0, 0, 5, 9.04, 139
2026/09/14 16:08:40.497, 0, 47, 100, 4, 525, 105.20, 1898
2026/09/14 16:08:40.499, 1, 18, 0, 0, 5, 9.04, 139
2026/09/14 16:08:41.534, 0, 47, 100, 4, 525, 104.79, 1898
2026/09/14 16:08:41.537, 1, 18, 0, 0, 5, 9.13, 139
2026/09/14 16:08:42.568, 0, 47, 100, 4, 525, 104.98, 1898
2026/09/14 16:08:42.571, 1, 18, 0, 0, 5, 10.10, 139
2026/09/14 16:08:43.604, 0, 47, 100, 5, 525, 117.76, 1898
2026/09/14 16:08:43.607, 1, 18, 0, 0, 5, 9.23, 139
2026/09/14 16:08:44.640, 0, 47, 100, 4, 525, 87.06, 1898
2026/09/14 16:08:44.643, 1, 18, 0, 0, 5, 9.13, 139
2026/09/14 16:08:45.675, 0, 47, 100, 5, 525, 120.27, 1898
2026/09/14 16:08:45.677, 1, 18, 0, 0, 5, 8.70, 139
2026/09/14 16:08:46.710, 0, 47, 100, 4, 525, 141.98, 1898
2026/09/14 16:08:46.714, 1, 18, 0, 0, 5, 9.13, 139
2026/09/14 16:08:47.747, 0, 47, 100, 4, 525, 102.40, 1898
2026/09/14 16:08:47.750, 1, 18, 0, 0, 5, 8.89, 139
2026/09/14 16:08:48.782, 0, 47, 100, 5, 525, 129.48, 1898
2026/09/14 16:08:48.784, 1, 18, 0, 0, 5, 8.79, 139
2026/09/14 16:08:49.817, 0, 47, 100, 4, 525, 100.87, 1898
2026/09/14 16:08:49.821, 1, 18, 0, 0, 5, 8.79, 139
2026/09/14 16:08:50.852, 0, 47, 100, 5, 525, 127.67, 1898
2026/09/14 16:08:50.855, 1, 18, 0, 0, 5, 8.79, 139
2026/09/14 16:08:51.887, 0, 47, 100, 4, 525, 115.98, 1898
2026/09/14 16:08:51.890, 1, 18, 0, 0, 5, 8.89, 139
2026/09/14 16:08:52.923, 0, 47, 100, 4, 525, 89.15, 1898
2026/09/14 16:08:52.926, 1, 18, 0, 0, 5, 8.89, 139
2026/09/14 16:08:53.957, 0, 47, 100, 5, 525, 111.15, 1898
2026/09/14 16:08:53.960, 1, 18, 0, 0, 5, 8.70, 139
2026/09/14 16:08:54.993, 0, 47, 100, 5, 525, 99.32, 1898
2026/09/14 16:08:54.997, 1, 18, 0, 0, 5, 8.55, 139
2026/09/14 16:08:56.028, 0, 47, 100, 4, 525, 107.98, 1898
2026/09/14 16:08:56.033, 1, 18, 0, 0, 5, 8.70, 139
2026/09/14 16:08:57.066, 0, 47, 100, 5, 525, 95.72, 1898
2026/09/14 16:08:57.070, 1, 18, 0, 0, 5, 8.69, 139
2026/09/14 16:08:58.103, 0, 47, 100, 4, 525, 82.73, 1898
2026/09/14 16:08:58.106, 1, 18, 0, 0, 5, 8.79, 139
2026/09/14 16:08:59.146, 0, 47, 100, 5, 525, 134.16, 1898
2026/09/14 16:08:59.148, 1, 18, 0, 0, 5, 8.79, 139
2026/09/14 16:09:00.183, 0, 47, 100, 5, 525, 135.27, 1898
2026/09/14 16:09:00.186, 1, 18, 0, 0, 5, 8.79, 139
2026/09/14 16:09:01.219, 0, 47, 100, 5, 525, 95.96, 1898
2026/09/14 16:09:01.221, 1, 18, 0, 0, 5, 8.79, 139
2026/09/14 16:09:02.254, 0, 47, 100, 5, 525, 117.39, 1898
2026/09/14 16:09:02.257, 1, 18, 0, 0, 5, 8.55, 139
2026/09/14 16:09:03.289, 0, 47, 100, 5, 525, 99.47, 1898
2026/09/14 16:09:03.292, 1, 18, 0, 0, 5, 9.13, 139
2026/09/14 16:09:04.324, 0, 47, 100, 5, 525, 118.55, 1898
2026/09/14 16:09:04.327, 1, 18, 0, 0, 5, 9.13, 139
2026/09/14 16:09:05.359, 0, 47, 100, 4, 525, 106.32, 1898
2026/09/14 16:09:05.362, 1, 18, 0, 0, 5, 8.55, 139
2026/09/14 16:09:06.401, 0, 47, 100, 5, 525, 83.56, 1898
2026/09/14 16:09:06.404, 1, 18, 0, 0, 5, 8.60, 139
2026/09/14 16:09:07.435, 0, 47, 100, 4, 525, 103.53, 1898
2026/09/14 16:09:07.437, 1, 18, 0, 0, 5, 8.70, 139
2026/09/14 16:09:08.471, 0, 47, 100, 4, 525, 114.14, 1898
2026/09/14 16:09:08.474, 1, 18, 0, 0, 5, 8.79, 139
2026/09/14 16:09:09.507, 0, 47, 100, 4, 525, 101.96, 1898
2026/09/14 16:09:09.510, 1, 18, 0, 0, 5, 8.89, 139
2026/09/14 16:09:10.543, 0, 47, 100, 5, 525, 135.41, 1898
2026/09/14 16:09:10.545, 1, 18, 0, 0, 5, 9.04, 139
2026/09/14 16:09:11.579, 0, 47, 100, 5, 525, 99.21, 1898
2026/09/14 16:09:11.582, 1, 18, 0, 0, 5, 8.70, 139
2026/09/14 16:09:12.614, 0, 47, 100, 5, 525, 140.03, 1898
2026/09/14 16:09:12.617, 1, 18, 0, 0, 5, 9.57, 139
2026/09/14 16:09:13.651, 0, 47, 100, 5, 525, 127.67, 1898
2026/09/14 16:09:13.654, 1, 18, 0, 0, 5, 9.23, 139
2026/09/14 16:09:14.687, 0, 47, 100, 4, 525, 93.32, 1898
2026/09/14 16:09:14.690, 1, 18, 0, 0, 5, 8.55, 139
2026/09/14 16:09:15.722, 0, 47, 100, 4, 525, 117.86, 1898
2026/09/14 16:09:15.724, 1, 18, 0, 0, 5, 8.99, 139
2026/09/14 16:09:16.757, 0, 47, 100, 4, 525, 99.37, 1898
2026/09/14 16:09:16.760, 1, 18, 0, 0, 5, 9.13, 139
2026/09/14 16:09:17.793, 0, 47, 100, 4, 525, 115.21, 1898
2026/09/14 16:09:17.796, 1, 18, 0, 0, 5, 8.55, 139
2026/09/14 16:09:18.828, 0, 46, 100, 5, 525, 105.01, 1898
2026/09/14 16:09:18.830, 1, 18, 0, 0, 5, 8.79, 139
2026/09/14 16:09:19.862, 0, 47, 100, 5, 525, 85.83, 1898
2026/09/14 16:09:19.865, 1, 18, 0, 0, 5, 8.65, 139
2026/09/14 16:09:20.898, 0, 47, 100, 5, 525, 105.78, 1898
2026/09/14 16:09:20.900, 1, 18, 0, 0, 5, 8.70, 139
2026/09/14 16:09:21.933, 0, 46, 100, 4, 525, 99.52, 1898
2026/09/14 16:09:21.936, 1, 18, 0, 0, 5, 8.79, 139
2026/09/14 16:09:22.968, 0, 47, 100, 5, 525, 105.46, 1898
2026/09/14 16:09:22.971, 1, 18, 0, 0, 5, 8.79, 139
2026/09/14 16:09:24.003, 0, 47, 100, 4, 525, 106.27, 1898
2026/09/14 16:09:24.006, 1, 18, 0, 0, 5, 8.55, 139
2026/09/14 16:09:25.038, 0, 47, 100, 4, 525, 86.34, 1898
2026/09/14 16:09:25.044, 1, 18, 0, 0, 5, 8.79, 139
2026/09/14 16:09:26.075, 0, 47, 100, 5, 525, 118.10, 1898
2026/09/14 16:09:26.078, 1, 18, 0, 0, 5, 8.70, 139
2026/09/14 16:09:27.111, 0, 47, 100, 5, 525, 141.52, 1898
2026/09/14 16:09:27.114, 1, 18, 0, 0, 5, 8.60, 139
2026/09/14 16:09:28.146, 0, 47, 100, 4, 525, 102.01, 1898
2026/09/14 16:09:28.151, 1, 18, 0, 0, 5, 9.04, 139
2026/09/14 16:09:29.183, 0, 47, 100, 4, 525, 129.26, 1898
2026/09/14 16:09:29.185, 1, 18, 0, 0, 5, 8.79, 139
2026/09/14 16:09:30.219, 0, 47, 100, 5, 525, 101.62, 1898
2026/09/14 16:09:30.222, 1, 18, 0, 0, 5, 8.79, 139
2026/09/14 16:09:31.254, 0, 47, 100, 4, 525, 124.47, 1898
2026/09/14 16:09:31.258, 1, 18, 0, 0, 5, 8.55, 139
2026/09/14 16:09:32.290, 0, 46, 100, 4, 525, 111.55, 1898
2026/09/14 16:09:32.293, 1, 18, 0, 0, 5, 8.70, 139
2026/09/14 16:09:33.324, 0, 47, 100, 5, 525, 89.39, 1898
2026/09/14 16:09:33.327, 1, 18, 0, 0, 5, 8.79, 139
2026/09/14 16:09:34.374, 0, 47, 100, 4, 525, 106.19, 1898
2026/09/14 16:09:34.376, 1, 18, 0, 0, 5, 8.70, 139
2026/09/14 16:09:35.407, 0, 46, 100, 4, 525, 120.27, 1898
2026/09/14 16:09:35.409, 1, 18, 0, 0, 5, 9.04, 139
2026/09/14 16:09:36.441, 0, 47, 100, 4, 525, 102.45, 1898
2026/09/14 16:09:36.445, 1, 18, 0, 0, 5, 8.89, 139
2026/09/14 16:09:37.483, 0, 47, 100, 5, 525, 134.26, 1898
2026/09/14 16:09:37.486, 1, 18, 0, 0, 5, 9.04, 139
2026/09/14 16:09:38.521, 0, 47, 100, 5, 525, 101.54, 1898
2026/09/14 16:09:38.524, 1, 18, 0, 0, 5, 8.79, 139
2026/09/14 16:09:39.555, 0, 47, 100, 5, 525, 128.30, 1898
2026/09/14 16:09:39.558, 1, 18, 0, 0, 5, 9.23, 139
2026/09/14 16:09:40.590, 0, 46, 100, 5, 525, 116.33, 1898
2026/09/14 16:09:40.593, 1, 18, 0, 0, 5, 8.79, 139
2026/09/14 16:09:41.626, 0, 47, 100, 4, 525, 88.81, 1898
2026/09/14 16:09:41.629, 1, 18, 0, 0, 5, 8.55, 139
2026/09/14 16:09:42.661, 0, 47, 100, 4, 525, 109.94, 1898
2026/09/14 16:09:42.664, 1, 18, 0, 0, 5, 12.04, 139
2026/09/14 16:09:43.697, 0, 47, 100, 4, 525, 98.51, 1898
2026/09/14 16:09:43.700, 1, 18, 0, 0, 5, 9.33, 139
2026/09/14 16:09:44.732, 0, 47, 100, 4, 525, 110.49, 1898
2026/09/14 16:09:44.734, 1, 18, 0, 0, 5, 8.70, 139
2026/09/14 16:09:45.767, 0, 47, 100, 5, 525, 98.08, 1898
2026/09/14 16:09:45.769, 1, 18, 0, 0, 5, 8.89, 139
2026/09/14 16:09:46.801, 0, 47, 100, 5, 525, 83.80, 1898
2026/09/14 16:09:46.804, 1, 18, 0, 0, 5, 8.55, 139
2026/09/14 16:09:47.837, 0, 47, 100, 5, 525, 102.46, 1898
2026/09/14 16:09:47.840, 1, 18, 0, 0, 5, 8.79, 139
2026/09/14 16:09:48.872, 0, 47, 100, 4, 525, 118.12, 1898
2026/09/14 16:09:48.875, 1, 18, 0, 0, 5, 8.79, 139
2026/09/14 16:09:49.907, 0, 47, 100, 5, 525, 102.95, 1898
2026/09/14 16:09:49.910, 1, 18, 0, 0, 5, 8.70, 139
2026/09/14 16:09:50.943, 0, 47, 100, 4, 525, 132.72, 1898
2026/09/14 16:09:50.945, 1, 18, 0, 0, 5, 8.79, 139
2026/09/14 16:09:51.977, 0, 47, 100, 4, 525, 94.29, 1898
2026/09/14 16:09:51.982, 1, 18, 0, 0, 5, 8.89, 139
2026/09/14 16:09:53.013, 0, 47, 100, 5, 525, 133.29, 1898
2026/09/14 16:09:53.016, 1, 18, 0, 0, 5, 8.99, 139
2026/09/14 16:09:54.050, 0, 47, 100, 4, 525, 138.65, 1898
2026/09/14 16:09:54.052, 1, 18, 0, 0, 5, 8.55, 139
2026/09/14 16:09:55.085, 0, 47, 100, 4, 525, 96.19, 1898
2026/09/14 16:09:55.089, 1, 18, 0, 0, 5, 8.55, 139
2026/09/14 16:09:56.120, 0, 47, 100, 4, 525, 121.94, 1898
2026/09/14 16:09:56.123, 1, 18, 0, 0, 5, 8.89, 139
2026/09/14 16:09:57.158, 0, 47, 100, 5, 525, 99.88, 1898
2026/09/14 16:09:57.161, 1, 18, 0, 0, 5, 8.79, 139
2026/09/14 16:09:58.194, 0, 47, 100, 4, 525, 116.66, 1898
2026/09/14 16:09:58.196, 1, 18, 0, 0, 5, 8.89, 139
2026/09/14 16:09:59.228, 0, 47, 100, 4, 525, 105.45, 1898
2026/09/14 16:09:59.231, 1, 18, 0, 0, 5, 8.70, 139
2026/09/14 16:10:00.263, 0, 47, 100, 5, 525, 86.08, 1898
2026/09/14 16:10:00.266, 1, 18, 0, 0, 5, 9.04, 139
2026/09/14 16:10:01.300, 0, 47, 100, 4, 525, 105.08, 1898
2026/09/14 16:10:01.303, 1, 18, 0, 0, 5, 9.03, 139
2026/09/14 16:10:02.336, 0, 47, 100, 5, 525, 102.90, 1898
2026/09/14 16:10:02.340, 1, 18, 0, 0, 5, 8.79, 139
2026/09/14 16:10:03.372, 0, 47, 100, 4, 525, 104.25, 1898
2026/09/14 16:10:03.374, 1, 18, 0, 0, 5, 8.69, 139
2026/09/14 16:10:04.405, 0, 47, 100, 4, 525, 111.77, 1898
2026/09/14 16:10:04.408, 1, 18, 0, 0, 5, 9.13, 139
2026/09/14 16:10:05.440, 0, 47, 100, 5, 525, 83.94, 1898
2026/09/14 16:10:05.443, 1, 18, 0, 0, 5, 8.70, 139
2026/09/14 16:10:06.477, 0, 47, 100, 5, 525, 116.60, 1898
2026/09/14 16:10:06.479, 1, 18, 0, 0, 5, 8.89, 139
2026/09/14 16:10:07.513, 0, 47, 100, 4, 525, 136.48, 1898
2026/09/14 16:10:07.520, 1, 18, 0, 0, 5, 8.79, 139
2026/09/14 16:10:08.554, 0, 47, 100, 4, 525, 94.72, 1898
2026/09/14 16:10:08.556, 1, 18, 0, 0, 5, 8.55, 139
2026/09/14 16:10:09.589, 0, 47, 100, 4, 525, 117.86, 1898
2026/09/14 16:10:09.592, 1, 18, 0, 0, 5, 8.89, 139
2026/09/14 16:10:10.625, 0, 47, 100, 5, 525, 101.48, 1898
2026/09/14 16:10:10.629, 1, 18, 0, 0, 5, 8.79, 139
2026/09/14 16:10:11.662, 0, 47, 100, 3, 525, 114.88, 1898
2026/09/14 16:10:11.665, 1, 18, 0, 0, 5, 8.79, 139
2026/09/14 16:10:12.697, 0, 47, 100, 5, 525, 103.90, 1898
2026/09/14 16:10:12.700, 1, 18, 0, 0, 5, 14.13, 139
2026/09/14 16:10:13.734, 0, 47, 100, 4, 525, 84.77, 1898
2026/09/14 16:10:13.736, 1, 18, 0, 0, 5, 9.23, 139
2026/09/14 16:10:14.773, 0, 47, 100, 5, 525, 106.82, 1898
2026/09/14 16:10:14.779, 1, 18, 0, 0, 5, 8.79, 139
2026/09/14 16:10:15.813, 0, 47, 100, 5, 525, 136.96, 1898
2026/09/14 16:10:15.816, 1, 18, 0, 0, 5, 8.79, 139
2026/09/14 16:10:16.847, 0, 47, 100, 4, 525, 105.20, 1898
2026/09/14 16:10:16.850, 1, 18, 0, 0, 5, 8.99, 139
2026/09/14 16:10:17.883, 0, 47, 100, 4, 525, 136.05, 1898
2026/09/14 16:10:17.886, 1, 18, 0, 0, 5, 8.45, 139
2026/09/14 16:10:19.087, 0, 47, 100, 4, 525, 83.32, 1898
2026/09/14 16:10:19.090, 1, 18, 0, 0, 5, 8.45, 139
2026/09/14 16:10:20.122, 0, 47, 100, 5, 525, 102.32, 1898
2026/09/14 16:10:20.125, 1, 18, 0, 0, 5, 8.79, 139
2026/09/14 16:10:21.158, 0, 47, 100, 5, 525, 120.27, 1898
2026/09/14 16:10:21.161, 1, 18, 0, 0, 5, 8.70, 139
2026/09/14 16:10:22.194, 0, 47, 100, 4, 525, 101.98, 1898
2026/09/14 16:10:22.197, 1, 18, 0, 0, 5, 9.13, 139
2026/09/14 16:10:23.229, 0, 47, 100, 4, 525, 137.08, 1898
2026/09/14 16:10:23.232, 1, 18, 0, 0, 5, 8.70, 139
2026/09/14 16:10:24.264, 0, 47, 100, 4, 525, 95.25, 1898
2026/09/14 16:10:24.266, 1, 18, 0, 0, 5, 8.70, 139
2026/09/14 16:10:25.299, 0, 47, 100, 4, 525, 135.15, 1898
2026/09/14 16:10:25.301, 1, 18, 0, 0, 5, 8.55, 139
2026/09/14 16:10:26.334, 0, 47, 100, 5, 525, 141.38, 1898
2026/09/14 16:10:26.336, 1, 18, 0, 0, 5, 8.79, 139
2026/09/14 16:10:27.390, 0, 47, 100, 5, 525, 83.32, 1898
2026/09/14 16:10:27.392, 1, 18, 0, 0, 5, 8.79, 139
2026/09/14 16:10:28.424, 0, 47, 100, 5, 525, 101.77, 1898
2026/09/14 16:10:28.429, 1, 18, 0, 0, 5, 9.13, 139
2026/09/14 16:10:29.462, 0, 47, 100, 4, 525, 126.84, 1898
2026/09/14 16:10:29.465, 1, 18, 0, 0, 5, 9.13, 139
2026/09/14 16:10:30.498, 0, 47, 100, 5, 525, 101.50, 1898
2026/09/14 16:10:30.500, 1, 18, 0, 0, 5, 8.79, 139
2026/09/14 16:10:31.534, 0, 47, 100, 4, 525, 141.91, 1898
2026/09/14 16:10:31.537, 1, 18, 0, 0, 5, 8.55, 139
2026/09/14 16:10:32.569, 0, 47, 100, 4, 525, 99.21, 1898
2026/09/14 16:10:32.571, 1, 18, 0, 0, 5, 8.79, 139
2026/09/14 16:10:33.604, 0, 47, 100, 5, 525, 143.36, 1898
2026/09/14 16:10:33.607, 1, 18, 0, 0, 5, 9.12, 139
2026/09/14 16:10:34.639, 0, 47, 100, 5, 525, 130.28, 1898
2026/09/14 16:10:34.642, 1, 18, 0, 0, 5, 8.79, 139
2026/09/14 16:10:35.675, 0, 47, 100, 4, 525, 94.71, 1898
2026/09/14 16:10:35.677, 1, 18, 0, 0, 5, 8.79, 139
2026/09/14 16:10:36.709, 0, 47, 100, 4, 525, 119.35, 1898
2026/09/14 16:10:36.712, 1, 18, 0, 0, 5, 14.56, 139
2026/09/14 16:10:37.764, 0, 47, 99, 5, 525, 131.94, 1898
2026/09/14 16:10:37.768, 1, 18, 0, 0, 5, 9.03, 139
2026/09/14 16:10:38.801, 0, 47, 100, 4, 525, 101.20, 1898
2026/09/14 16:10:38.803, 1, 18, 0, 0, 5, 8.89, 139
2026/09/14 16:10:39.840, 0, 47, 100, 4, 525, 131.75, 1898
2026/09/14 16:10:39.843, 1, 18, 0, 0, 5, 8.89, 139
2026/09/14 16:10:40.875, 0, 47, 100, 5, 525, 98.09, 1898
2026/09/14 16:10:40.878, 1, 18, 0, 0, 5, 8.55, 139
2026/09/14 16:10:41.911, 0, 47, 100, 4, 525, 122.01, 1898
2026/09/14 16:10:41.917, 1, 18, 0, 0, 5, 8.79, 139
2026/09/14 16:10:42.949, 0, 47, 100, 4, 525, 109.50, 1898
2026/09/14 16:10:42.952, 1, 18, 0, 0, 5, 8.89, 139
2026/09/14 16:10:43.985, 0, 47, 100, 4, 525, 87.09, 1898
2026/09/14 16:10:43.988, 1, 18, 0, 0, 5, 8.79, 139
2026/09/14 16:10:45.020, 0, 47, 100, 5, 525, 107.20, 1898
2026/09/14 16:10:45.023, 1, 18, 0, 0, 5, 8.89, 139
2026/09/14 16:10:46.060, 0, 47, 100, 5, 525, 115.73, 1898
2026/09/14 16:10:46.065, 1, 18, 0, 0, 5, 8.79, 139
2026/09/14 16:10:47.097, 0, 47, 100, 5, 525, 104.00, 1898
2026/09/14 16:10:47.099, 1, 18, 0, 0, 5, 9.03, 139
2026/09/14 16:10:48.132, 0, 47, 100, 5, 525, 123.03, 1898
2026/09/14 16:10:48.134, 1, 18, 0, 0, 5, 8.55, 139
2026/09/14 16:10:49.168, 0, 47, 100, 4, 525, 93.98, 1898
2026/09/14 16:10:49.171, 1, 18, 0, 0, 5, 8.69, 139
2026/09/14 16:10:50.203, 0, 47, 100, 4, 525, 132.33, 1898
2026/09/14 16:10:50.206, 1, 18, 0, 0, 5, 8.79, 139
2026/09/14 16:10:51.240, 0, 47, 100, 4, 525, 141.13, 1898
2026/09/14 16:10:51.242, 1, 18, 0, 0, 5, 9.13, 139
2026/09/14 16:10:52.277, 0, 47, 100, 4, 525, 95.66, 1898
2026/09/14 16:10:52.280, 1, 18, 0, 0, 5, 8.79, 139
2026/09/14 16:10:53.312, 0, 47, 100, 5, 525, 119.49, 1898
2026/09/14 16:10:53.315, 1, 18, 0, 0, 5, 8.60, 139
2026/09/14 16:10:54.347, 0, 47, 100, 5, 525, 99.98, 1898
2026/09/14 16:10:54.350, 1, 18, 0, 0, 5, 8.55, 139
2026/09/14 16:10:55.395, 0, 47, 100, 5, 525, 105.68, 1898
2026/09/14 16:10:55.398, 1, 18, 0, 0, 5, 8.45, 139
2026/09/14 16:10:56.431, 0, 47, 100, 4, 525, 113.85, 1898
2026/09/14 16:10:56.434, 1, 18, 0, 0, 5, 8.88, 139
2026/09/14 16:10:57.471, 0, 47, 100, 5, 525, 95.47, 1898
2026/09/14 16:10:57.474, 1, 18, 0, 0, 5, 8.55, 139
2026/09/14 16:10:58.507, 0, 47, 100, 4, 525, 136.29, 1898
2026/09/14 16:10:58.510, 1, 18, 0, 0, 5, 8.79, 139
2026/09/14 16:10:59.542, 0, 47, 100, 4, 525, 138.71, 1898
2026/09/14 16:10:59.546, 1, 18, 0, 0, 5, 8.79, 139
2026/09/14 16:11:00.581, 0, 47, 100, 5, 525, 93.74, 1898
2026/09/14 16:11:00.583, 1, 18, 0, 0, 5, 8.79, 139
2026/09/14 16:11:01.616, 0, 47, 100, 4, 525, 112.56, 1898
2026/09/14 16:11:01.621, 1, 18, 0, 0, 5, 9.66, 139
2026/09/14 16:11:02.654, 0, 47, 100, 4, 525, 100.34, 1898
2026/09/14 16:11:02.656, 1, 18, 0, 0, 5, 9.13, 139
2026/09/14 16:11:03.689, 0, 47, 100, 4, 525, 112.44, 1898
2026/09/14 16:11:03.691, 1, 18, 0, 0, 5, 8.69, 139
2026/09/14 16:11:04.725, 0, 47, 100, 5, 525, 97.69, 1898
2026/09/14 16:11:04.728, 1, 18, 0, 0, 5, 8.79, 139
2026/09/14 16:11:05.761, 0, 47, 100, 4, 525, 83.51, 1898
2026/09/14 16:11:05.765, 1, 18, 0, 0, 5, 8.89, 139
2026/09/14 16:11:06.797, 0, 47, 100, 5, 525, 102.21, 1898
2026/09/14 16:11:06.800, 1, 18, 0, 0, 5, 9.32, 139
2026/09/14 16:11:07.833, 0, 47, 100, 5, 525, 124.07, 1898
2026/09/14 16:11:07.835, 1, 18, 0, 0, 5, 8.98, 139
2026/09/14 16:11:08.868, 0, 47, 100, 5, 525, 102.45, 1898
2026/09/14 16:11:08.870, 1, 18, 0, 0, 5, 9.03, 139
2026/09/14 16:11:09.903, 0, 47, 100, 5, 525, 137.11, 1898
2026/09/14 16:11:09.906, 1, 18, 0, 0, 5, 8.79, 139
2026/09/14 16:11:10.938, 0, 47, 100, 4, 525, 95.05, 1898
2026/09/14 16:11:10.941, 1, 18, 0, 0, 5, 8.55, 139
2026/09/14 16:11:11.973, 0, 47, 100, 5, 525, 142.01, 1898
2026/09/14 16:11:11.977, 1, 18, 0, 0, 5, 8.78, 139
2026/09/14 16:11:13.010, 0, 47, 100, 5, 525, 134.51, 1898
2026/09/14 16:11:13.012, 1, 18, 0, 0, 5, 8.79, 139
2026/09/14 16:11:14.045, 0, 47, 100, 5, 525, 96.00, 1898
2026/09/14 16:11:14.047, 1, 18, 0, 0, 5, 9.13, 139
2026/09/14 16:11:15.080, 0, 47, 100, 4, 525, 120.32, 1898
2026/09/14 16:11:15.083, 1, 18, 0, 0, 5, 8.79, 139
2026/09/14 16:11:16.115, 0, 47, 100, 4, 525, 100.71, 1898
2026/09/14 16:11:16.117, 1, 18, 0, 0, 5, 8.79, 139
2026/09/14 16:11:17.151, 0, 47, 100, 5, 525, 119.11, 1898
2026/09/14 16:11:17.154, 1, 18, 0, 0, 5, 8.55, 139
2026/09/14 16:11:18.186, 0, 47, 100, 4, 525, 107.27, 1898
2026/09/14 16:11:18.188, 1, 18, 0, 0, 5, 8.89, 139
2026/09/14 16:11:19.223, 0, 47, 100, 5, 525, 85.55, 1898
2026/09/14 16:11:19.226, 1, 18, 0, 0, 5, 8.55, 139
2026/09/14 16:11:20.259, 0, 47, 100, 4, 525, 105.19, 1898
2026/09/14 16:11:20.261, 1, 18, 0, 0, 5, 8.89, 139
2026/09/14 16:11:21.294, 0, 47, 100, 5, 525, 112.01, 1898
2026/09/14 16:11:21.300, 1, 18, 0, 0, 5, 8.79, 139
2026/09/14 16:11:22.333, 0, 47, 100, 4, 525, 103.27, 1898
2026/09/14 16:11:22.336, 1, 18, 0, 0, 5, 8.69, 139
2026/09/14 16:11:23.375, 0, 47, 100, 5, 525, 136.68, 1898
2026/09/14 16:11:23.378, 1, 18, 0, 0, 5, 8.79, 139
2026/09/14 16:11:24.410, 0, 47, 100, 4, 525, 98.22, 1898
2026/09/14 16:11:24.413, 1, 18, 0, 0, 5, 9.03, 139
2026/09/14 16:11:25.445, 0, 47, 100, 5, 525, 133.95, 1898
2026/09/14 16:11:25.449, 1, 18, 0, 0, 5, 9.03, 139
2026/09/14 16:11:26.483, 0, 47, 100, 4, 525, 115.78, 1898
2026/09/14 16:11:26.486, 1, 18, 0, 0, 5, 8.89, 139
2026/09/14 16:11:27.524, 0, 47, 100, 4, 525, 86.03, 1898
2026/09/14 16:11:27.528, 1, 18, 0, 0, 5, 8.79, 139
2026/09/14 16:11:28.563, 0, 47, 100, 5, 525, 103.75, 1898
2026/09/14 16:11:28.566, 1, 18, 0, 0, 5, 8.78, 139
2026/09/14 16:11:29.599, 0, 47, 100, 4, 525, 106.71, 1898
2026/09/14 16:11:29.601, 1, 18, 0, 0, 5, 8.79, 139
2026/09/14 16:11:30.634, 0, 47, 100, 5, 525, 101.96, 1898
2026/09/14 16:11:30.641, 1, 18, 0, 0, 5, 8.78, 139
2026/09/14 16:11:31.673, 0, 47, 100, 4, 525, 142.36, 1898
2026/09/14 16:11:31.677, 1, 18, 0, 0, 5, 8.89, 139
2026/09/14 16:11:32.709, 0, 47, 100, 4, 525, 98.96, 1898
2026/09/14 16:11:32.712, 1, 18, 0, 0, 5, 8.69, 139
2026/09/14 16:11:33.744, 0, 47, 100, 3, 525, 140.40, 1898
2026/09/14 16:11:33.747, 1, 18, 0, 0, 5, 8.69, 139
2026/09/14 16:11:34.780, 0, 47, 100, 4, 525, 135.48, 1898
2026/09/14 16:11:34.783, 1, 18, 0, 0, 5, 9.03, 139
2026/09/14 16:11:35.817, 0, 48, 100, 5, 525, 92.76, 1898
2026/09/14 16:11:35.820, 1, 18, 0, 0, 5, 14.65, 139
2026/09/14 16:11:36.867, 0, 47, 100, 4, 525, 102.79, 1898
2026/09/14 16:11:36.869, 1, 18, 0, 0, 5, 9.56, 139
2026/09/14 16:11:37.902, 0, 47, 100, 5, 525, 116.02, 1898
2026/09/14 16:11:37.905, 1, 18, 0, 0, 5, 8.88, 139
2026/09/14 16:11:38.937, 0, 47, 100, 4, 525, 103.27, 1898
2026/09/14 16:11:38.940, 1, 18, 0, 0, 5, 8.55, 139
2026/09/14 16:11:39.973, 0, 47, 100, 4, 525, 133.76, 1898
2026/09/14 16:11:39.976, 1, 18, 0, 0, 5, 8.79, 139
2026/09/14 16:11:41.008, 0, 47, 100, 3, 525, 94.76, 1898
2026/09/14 16:11:41.011, 1, 18, 0, 0, 5, 8.79, 139
2026/09/14 16:11:42.045, 0, 47, 100, 4, 525, 139.43, 1898
2026/09/14 16:11:42.048, 1, 18, 0, 0, 5, 8.78, 139
2026/09/14 16:11:43.082, 0, 47, 100, 5, 525, 134.79, 1898
2026/09/14 16:11:43.084, 1, 18, 0, 0, 5, 8.79, 139
2026/09/14 16:11:44.121, 0, 47, 100, 4, 525, 91.60, 1898
2026/09/14 16:11:44.123, 1, 18, 0, 0, 5, 9.03, 139
2026/09/14 16:11:45.157, 0, 47, 100, 5, 525, 111.93, 1898
2026/09/14 16:11:45.160, 1, 18, 0, 0, 5, 8.93, 139
2026/09/14 16:11:46.192, 0, 47, 100, 4, 525, 98.25, 1898
2026/09/14 16:11:46.197, 1, 18, 0, 0, 5, 8.55, 139
2026/09/14 16:11:47.230, 0, 47, 100, 5, 525, 108.87, 1898
2026/09/14 16:11:47.233, 1, 18, 0, 0, 5, 8.69, 139
2026/09/14 16:11:48.266, 0, 47, 100, 5, 525, 94.61, 1898
2026/09/14 16:11:48.269, 1, 18, 0, 0, 5, 8.79, 139
2026/09/14 16:11:49.301, 0, 47, 100, 4, 525, 83.27, 1898
2026/09/14 16:11:49.304, 1, 18, 0, 0, 5, 8.55, 139
2026/09/14 16:11:50.341, 0, 47, 100, 5, 525, 140.44, 1898
2026/09/14 16:11:50.352, 1, 18, 0, 0, 5, 8.60, 139
2026/09/14 16:11:51.386, 0, 47, 100, 4, 525, 126.95, 1898
2026/09/14 16:11:51.388, 1, 18, 0, 0, 5, 8.89, 139
2026/09/14 16:11:52.420, 0, 47, 100, 4, 525, 93.98, 1898
2026/09/14 16:11:52.423, 1, 18, 0, 0, 5, 9.03, 139
2026/09/14 16:11:53.456, 0, 47, 100, 4, 525, 115.63, 1898
2026/09/14 16:11:53.459, 1, 18, 0, 0, 5, 8.89, 139
2026/09/14 16:11:54.491, 0, 47, 100, 4, 525, 100.95, 1898
2026/09/14 16:11:54.494, 1, 18, 0, 0, 5, 8.79, 139
2026/09/14 16:11:55.528, 0, 47, 100, 5, 525, 108.97, 1898
2026/09/14 16:11:55.535, 1, 18, 0, 0, 5, 8.78, 139
2026/09/14 16:11:56.571, 0, 47, 100, 5, 525, 125.15, 1898
2026/09/14 16:11:56.577, 1, 18, 0, 0, 5, 8.79, 139
2026/09/14 16:11:57.609, 0, 48, 100, 5, 525, 88.25, 1898
2026/09/14 16:11:57.612, 1, 18, 0, 0, 5, 8.93, 139
2026/09/14 16:11:58.646, 0, 47, 100, 4, 525, 133.00, 1898
2026/09/14 16:11:58.649, 1, 18, 0, 0, 5, 8.79, 139
2026/09/14 16:11:59.682, 0, 47, 100, 4, 525, 142.07, 1898
2026/09/14 16:11:59.684, 1, 18, 0, 0, 5, 9.23, 139
2026/09/14 16:12:00.719, 0, 48, 100, 3, 525, 98.42, 1898
2026/09/14 16:12:00.721, 1, 18, 0, 0, 5, 8.69, 139
2026/09/14 16:12:01.754, 0, 47, 100, 4, 525, 122.29, 1898
2026/09/14 16:12:01.757, 1, 18, 0, 0, 5, 8.69, 139
2026/09/14 16:12:02.790, 0, 47, 100, 5, 525, 100.85, 1898
2026/09/14 16:12:02.792, 1, 18, 0, 0, 5, 8.79, 139
2026/09/14 16:12:03.824, 0, 47, 100, 4, 525, 120.86, 1898
2026/09/14 16:12:03.828, 1, 18, 0, 0, 5, 9.13, 139
2026/09/14 16:12:04.860, 0, 47, 100, 5, 525, 106.99, 1898
2026/09/14 16:12:04.863, 1, 18, 0, 0, 5, 14.65, 139
2026/09/14 16:12:05.906, 0, 47, 100, 4, 525, 82.80, 1898
2026/09/14 16:12:05.909, 1, 18, 0, 0, 5, 9.23, 139
2026/09/14 16:12:06.941, 0, 47, 100, 5, 525, 101.48, 1898
2026/09/14 16:12:06.944, 1, 18, 0, 0, 5, 8.79, 139
2026/09/14 16:12:07.978, 0, 47, 100, 5, 525, 136.06, 1898
2026/09/14 16:12:07.981, 1, 18, 0, 0, 5, 8.79, 139
2026/09/14 16:12:09.013, 0, 48, 100, 4, 525, 105.54, 1898
2026/09/14 16:12:09.016, 1, 18, 0, 0, 5, 8.79, 139
2026/09/14 16:12:10.049, 0, 47, 100, 5, 525, 140.73, 1898
2026/09/14 16:12:10.051, 1, 18, 0, 0, 5, 8.79, 139
2026/09/14 16:12:11.083, 0, 47, 100, 4, 525, 98.11, 1898
2026/09/14 16:12:11.087, 1, 18, 0, 0, 5, 9.13, 139
2026/09/14 16:12:12.122, 0, 47, 100, 5, 525, 119.35, 1898
2026/09/14 16:12:12.130, 1, 18, 0, 0, 5, 8.69, 139
2026/09/14 16:12:13.165, 0, 47, 100, 4, 525, 104.75, 1898
2026/09/14 16:12:13.167, 1, 18, 0, 0, 5, 8.79, 139
2026/09/14 16:12:14.199, 0, 47, 100, 5, 525, 85.79, 1898
2026/09/14 16:12:14.202, 1, 18, 0, 0, 5, 8.79, 139
2026/09/14 16:12:15.234, 0, 47, 100, 4, 525, 106.26, 1898
2026/09/14 16:12:15.237, 1, 18, 0, 0, 5, 8.55, 139
2026/09/14 16:12:16.274, 0, 47, 100, 4, 525, 114.53, 1898
2026/09/14 16:12:16.277, 1, 18, 0, 0, 5, 8.89, 139
2026/09/14 16:12:17.312, 0, 47, 100, 5, 525, 101.96, 1898
2026/09/14 16:12:17.314, 1, 18, 0, 0, 5, 8.89, 139
2026/09/14 16:12:18.346, 0, 47, 100, 4, 525, 122.77, 1898
2026/09/14 16:12:18.359, 1, 18, 0, 0, 5, 8.55, 139
2026/09/14 16:12:19.393, 0, 48, 100, 5, 427, 126.10, 1898
2026/09/14 16:12:19.397, 1, 18, 0, 0, 5, 8.88, 139
2026/09/14 16:12:20.431, 0, 47, 100, 5, 427, 100.95, 1898
2026/09/14 16:12:20.434, 1, 18, 0, 0, 5, 8.79, 139
2026/09/14 16:12:21.470, 0, 47, 100, 3, 427, 115.15, 1898
2026/09/14 16:12:21.472, 1, 18, 0, 0, 5, 8.55, 139
2026/09/14 16:12:22.508, 0, 47, 100, 4, 427, 98.32, 1898
2026/09/14 16:12:22.511, 1, 18, 0, 0, 5, 9.13, 139
2026/09/14 16:12:23.543, 0, 47, 100, 5, 427, 83.27, 1898
2026/09/14 16:12:23.547, 1, 18, 0, 0, 5, 9.37, 139
2026/09/14 16:12:24.584, 0, 47, 100, 4, 427, 128.77, 1898
2026/09/14 16:12:24.590, 1, 18, 0, 0, 5, 8.55, 139
2026/09/14 16:12:25.624, 0, 47, 100, 5, 427, 142.01, 1898
2026/09/14 16:12:25.626, 1, 18, 0, 0, 5, 8.79, 139
2026/09/14 16:12:26.658, 0, 48, 100, 4, 427, 97.13, 1898
2026/09/14 16:12:26.662, 1, 18, 0, 0, 5, 8.69, 139
2026/09/14 16:12:27.695, 0, 47, 100, 4, 427, 118.87, 1898
2026/09/14 16:12:27.697, 1, 18, 0, 0, 5, 8.55, 139
2026/09/14 16:12:28.730, 0, 48, 100, 4, 427, 99.50, 1898
2026/09/14 16:12:28.733, 1, 18, 0, 0, 5, 9.56, 139
2026/09/14 16:12:29.770, 0, 47, 100, 4, 427, 111.39, 1898
2026/09/14 16:12:29.772, 1, 18, 0, 0, 5, 8.79, 139
2026/09/14 16:12:30.805, 0, 47, 100, 5, 427, 97.84, 1898
2026/09/14 16:12:30.808, 1, 18, 0, 0, 5, 8.69, 139
2026/09/14 16:12:31.841, 0, 48, 100, 5, 427, 82.69, 1898
2026/09/14 16:12:31.846, 1, 18, 0, 0, 5, 9.03, 139
2026/09/14 16:12:32.879, 0, 47, 100, 5, 427, 106.80, 1898
2026/09/14 16:12:32.882, 1, 18, 0, 0, 5, 8.69, 139
2026/09/14 16:12:33.916, 0, 47, 100, 4, 427, 139.59, 1898
2026/09/14 16:12:33.918, 1, 18, 0, 0, 5, 10.00, 139
2026/09/14 16:12:34.951, 0, 48, 100, 5, 427, 104.64, 1898
2026/09/14 16:12:34.954, 1, 18, 0, 0, 5, 8.79, 139
2026/09/14 16:12:35.999, 0, 47, 100, 4, 427, 107.52, 1898
2026/09/14 16:12:36.003, 1, 18, 0, 0, 5, 8.69, 139
2026/09/14 16:12:37.035, 0, 47, 100, 4, 427, 98.53, 1898
2026/09/14 16:12:37.038, 1, 18, 0, 0, 5, 8.55, 139
2026/09/14 16:12:38.071, 0, 47, 100, 5, 427, 106.70, 1898
2026/09/14 16:12:38.074, 1, 18, 0, 0, 5, 8.55, 139
2026/09/14 16:12:39.108, 0, 48, 100, 4, 427, 112.90, 1898
2026/09/14 16:12:39.110, 1, 18, 0, 0, 5, 9.18, 139
2026/09/14 16:12:40.143, 0, 48, 100, 4, 427, 85.34, 1898
2026/09/14 16:12:40.146, 1, 18, 0, 0, 5, 9.13, 139
2026/09/14 16:12:41.178, 0, 47, 100, 4, 427, 116.87, 1898
2026/09/14 16:12:41.181, 1, 18, 0, 0, 5, 8.55, 139
2026/09/14 16:12:42.214, 0, 47, 100, 5, 427, 142.97, 1898
2026/09/14 16:12:42.217, 1, 18, 0, 0, 5, 9.03, 139
2026/09/14 16:12:43.249, 0, 47, 100, 4, 427, 102.43, 1898
2026/09/14 16:12:43.252, 1, 18, 0, 0, 5, 8.54, 139
2026/09/14 16:12:44.284, 0, 47, 100, 4, 427, 128.40, 1898
2026/09/14 16:12:44.287, 1, 17, 0, 0, 5, 8.69, 139
2026/09/14 16:12:45.320, 0, 47, 100, 5, 427, 101.58, 1898
2026/09/14 16:12:45.324, 1, 18, 0, 0, 5, 8.79, 139
2026/09/14 16:12:46.369, 0, 47, 100, 4, 427, 106.21, 1898
2026/09/14 16:12:46.371, 1, 18, 0, 0, 5, 9.03, 139
2026/09/14 16:12:47.402, 0, 47, 100, 5, 427, 97.89, 1898
2026/09/14 16:12:47.405, 1, 17, 0, 0, 5, 8.79, 139
2026/09/14 16:12:48.437, 0, 48, 100, 5, 427, 84.16, 1898
2026/09/14 16:12:48.443, 1, 17, 0, 0, 5, 8.79, 139
2026/09/14 16:12:49.475, 0, 47, 100, 4, 427, 114.47, 1898
2026/09/14 16:12:49.477, 1, 17, 0, 0, 5, 8.78, 139
2026/09/14 16:12:50.511, 0, 47, 100, 5, 427, 144.02, 1898
2026/09/14 16:12:50.514, 1, 17, 0, 0, 5, 8.79, 139
2026/09/14 16:12:51.546, 0, 47, 100, 5, 427, 100.37, 1898
2026/09/14 16:12:51.550, 1, 18, 0, 0, 5, 8.79, 139
2026/09/14 16:12:52.582, 0, 47, 100, 5, 427, 124.80, 1898
2026/09/14 16:12:52.585, 1, 17, 0, 0, 5, 8.59, 139
2026/09/14 16:12:53.623, 0, 48, 100, 4, 427, 100.56, 1898
2026/09/14 16:12:53.625, 1, 18, 0, 0, 5, 8.69, 139
2026/09/14 16:12:54.658, 0, 47, 100, 5, 427, 110.90, 1898
2026/09/14 16:12:54.663, 1, 18, 0, 0, 5, 8.79, 139
2026/09/14 16:12:55.695, 0, 47, 100, 3, 427, 98.87, 1898
2026/09/14 16:12:55.698, 1, 18, 0, 0, 5, 8.79, 139
2026/09/14 16:12:56.731, 0, 48, 100, 4, 427, 85.11, 1898
2026/09/14 16:12:56.740, 1, 17, 0, 0, 5, 8.79, 139
2026/09/14 16:12:57.774, 0, 48, 100, 5, 427, 125.62, 1898
2026/09/14 16:12:57.776, 1, 18, 0, 0, 5, 9.03, 139
2026/09/14 16:12:58.809, 0, 47, 100, 5, 427, 144.08, 1898
2026/09/14 16:12:58.812, 1, 18, 0, 0, 5, 9.03, 139
2026/09/14 16:12:59.848, 0, 48, 100, 5, 427, 93.55, 1898
2026/09/14 16:12:59.852, 1, 18, 0, 0, 5, 8.79, 139
2026/09/14 16:13:00.886, 0, 48, 100, 4, 427, 112.45, 1898
2026/09/14 16:13:00.889, 1, 18, 0, 0, 5, 8.98, 139
2026/09/14 16:13:01.925, 0, 48, 100, 4, 427, 99.59, 1898
2026/09/14 16:13:01.930, 1, 18, 0, 0, 5, 8.79, 139
2026/09/14 16:13:02.962, 0, 48, 100, 4, 427, 106.74, 1898
2026/09/14 16:13:02.965, 1, 18, 0, 0, 5, 9.32, 139
2026/09/14 16:13:03.998, 0, 48, 100, 4, 427, 111.35, 1898
2026/09/14 16:13:04.001, 1, 18, 0, 0, 5, 9.12, 139
2026/09/14 16:13:05.034, 0, 48, 100, 5, 427, 85.82, 1898
2026/09/14 16:13:05.037, 1, 18, 0, 0, 5, 8.55, 139
2026/09/14 16:13:06.071, 0, 48, 100, 5, 427, 126.87, 1898
2026/09/14 16:13:06.074, 1, 18, 0, 0, 5, 8.79, 139
2026/09/14 16:13:07.106, 0, 47, 100, 5, 427, 146.91, 1898
2026/09/14 16:13:07.109, 1, 18, 0, 0, 5, 8.79, 139
2026/09/14 16:13:08.143, 0, 48, 100, 4, 427, 97.60, 1898
2026/09/14 16:13:08.146, 1, 18, 0, 0, 5, 8.89, 139
2026/09/14 16:13:09.179, 0, 47, 100, 4, 427, 120.54, 1898
2026/09/14 16:13:09.181, 1, 18, 0, 0, 5, 8.89, 139
2026/09/14 16:13:10.214, 0, 48, 100, 4, 427, 100.37, 1898
2026/09/14 16:13:10.217, 1, 18, 0, 0, 5, 8.79, 139
2026/09/14 16:13:11.252, 0, 48, 100, 5, 427, 106.94, 1898
2026/09/14 16:13:11.262, 1, 18, 0, 0, 5, 8.89, 139
2026/09/14 16:13:12.296, 0, 47, 100, 3, 427, 133.15, 1898
2026/09/14 16:13:12.307, 1, 18, 0, 0, 5, 8.79, 139
2026/09/14 16:13:13.343, 0, 47, 100, 4, 427, 101.82, 1898
2026/09/14 16:13:13.351, 1, 18, 0, 0, 5, 9.56, 139
2026/09/14 16:13:14.396, 0, 48, 100, 4, 427, 104.72, 1898
2026/09/14 16:13:14.399, 1, 18, 0, 0, 5, 9.03, 139
2026/09/14 16:13:15.429, 0, 48, 100, 4, 427, 108.13, 1898
2026/09/14 16:13:15.432, 1, 18, 0, 0, 5, 8.54, 139
2026/09/14 16:13:16.465, 0, 48, 100, 4, 427, 84.00, 1898
2026/09/14 16:13:16.467, 1, 18, 0, 0, 5, 8.54, 139
2026/09/14 16:13:17.501, 0, 48, 100, 4, 427, 121.27, 1898
2026/09/14 16:13:17.504, 1, 17, 0, 0, 5, 8.79, 139
2026/09/14 16:13:18.536, 0, 48, 100, 5, 427, 143.60, 1898
2026/09/14 16:13:18.539, 1, 18, 0, 0, 5, 8.55, 139
2026/09/14 16:13:19.573, 0, 48, 100, 4, 427, 99.45, 1898
2026/09/14 16:13:19.576, 1, 18, 0, 0, 5, 8.79, 139
2026/09/14 16:13:20.608, 0, 48, 100, 5, 427, 123.59, 1898
2026/09/14 16:13:20.611, 1, 17, 0, 0, 5, 8.79, 139
2026/09/14 16:13:21.644, 0, 48, 100, 5, 427, 101.67, 1898
2026/09/14 16:13:21.650, 1, 17, 0, 0, 5, 8.69, 139
2026/09/14 16:13:22.686, 0, 48, 100, 5, 427, 110.90, 1898
2026/09/14 16:13:22.689, 1, 18, 0, 0, 5, 9.03, 139
2026/09/14 16:13:23.720, 0, 48, 100, 5, 427, 97.37, 1898
2026/09/14 16:13:23.725, 1, 18, 0, 0, 5, 8.79, 139
2026/09/14 16:13:24.757, 0, 48, 100, 5, 427, 83.75, 1898
2026/09/14 16:13:24.760, 1, 18, 0, 0, 5, 8.89, 139
2026/09/14 16:13:25.796, 0, 48, 100, 3, 427, 113.20, 1898
2026/09/14 16:13:25.799, 1, 18, 0, 0, 5, 9.03, 139
2026/09/14 16:13:26.831, 0, 48, 100, 4, 427, 139.57, 1898
2026/09/14 16:13:26.834, 1, 18, 0, 0, 5, 8.79, 139
2026/09/14 16:13:27.870, 0, 48, 100, 5, 427, 98.27, 1898
2026/09/14 16:13:27.874, 1, 18, 0, 0, 5, 8.89, 139
2026/09/14 16:13:28.907, 0, 48, 100, 4, 427, 119.17, 1898
2026/09/14 16:13:28.910, 1, 18, 0, 0, 5, 9.13, 139
2026/09/14 16:13:29.942, 0, 48, 100, 5, 427, 100.46, 1898
2026/09/14 16:13:29.945, 1, 17, 0, 0, 5, 8.69, 139
2026/09/14 16:13:30.977, 0, 48, 100, 4, 427, 117.81, 1898
2026/09/14 16:13:30.980, 1, 18, 0, 0, 5, 12.81, 139
2026/09/14 16:13:32.018, 0, 48, 100, 4, 427, 94.95, 1898
2026/09/14 16:13:32.022, 1, 17, 0, 0, 5, 8.88, 139
2026/09/14 16:13:33.056, 0, 48, 100, 3, 427, 82.73, 1898
2026/09/14 16:13:33.058, 1, 18, 0, 0, 5, 8.79, 139
2026/09/14 16:13:34.096, 0, 48, 100, 4, 427, 124.22, 1898
2026/09/14 16:13:34.098, 1, 18, 0, 0, 5, 8.55, 139
2026/09/14 16:13:35.129, 0, 48, 100, 5, 427, 142.15, 1898
2026/09/14 16:13:35.132, 1, 18, 0, 0, 5, 8.88, 139
2026/09/14 16:13:36.170, 0, 48, 100, 4, 427, 95.34, 1898
2026/09/14 16:13:36.172, 1, 18, 0, 0, 5, 8.79, 139
2026/09/14 16:13:37.206, 0, 48, 100, 5, 427, 116.14, 1898
2026/09/14 16:13:37.208, 1, 18, 0, 0, 5, 9.13, 139
2026/09/14 16:13:38.241, 0, 47, 100, 4, 427, 100.71, 1898
2026/09/14 16:13:38.244, 1, 17, 0, 0, 5, 8.79, 139
2026/09/14 16:13:39.277, 0, 48, 100, 5, 427, 112.45, 1898
2026/09/14 16:13:39.280, 1, 18, 0, 0, 5, 8.89, 139
2026/09/14 16:13:40.314, 0, 47, 100, 4, 427, 94.95, 1898
2026/09/14 16:13:40.319, 1, 18, 0, 0, 5, 8.79, 139
2026/09/14 16:13:41.358, 0, 48, 100, 4, 427, 89.90, 1898
2026/09/14 16:13:41.361, 1, 18, 0, 0, 5, 8.78, 139
2026/09/14 16:13:42.395, 0, 47, 100, 5, 427, 136.31, 1898
2026/09/14 16:13:42.398, 1, 18, 0, 0, 5, 9.23, 139
2026/09/14 16:13:43.434, 0, 47, 100, 5, 427, 125.04, 1898
2026/09/14 16:13:43.437, 1, 18, 0, 0, 5, 8.79, 139
2026/09/14 16:13:44.472, 0, 48, 100, 4, 427, 90.09, 1898
2026/09/14 16:13:44.475, 1, 18, 0, 0, 5, 8.69, 139
2026/09/14 16:13:45.506, 0, 48, 100, 4, 427, 110.90, 1898
2026/09/14 16:13:45.510, 1, 18, 0, 0, 5, 8.55, 139
2026/09/14 16:13:46.543, 0, 48, 100, 5, 427, 99.01, 1898
2026/09/14 16:13:46.545, 1, 17, 0, 0, 5, 8.79, 139
2026/09/14 16:13:47.577, 0, 48, 100, 4, 427, 108.39, 1898
2026/09/14 16:13:47.581, 1, 18, 0, 0, 5, 9.13, 139
2026/09/14 16:13:48.613, 0, 47, 100, 4, 427, 95.00, 1898
2026/09/14 16:13:48.616, 1, 17, 0, 0, 5, 8.98, 139
2026/09/14 16:13:49.648, 0, 48, 100, 5, 427, 83.03, 1898
2026/09/14 16:13:49.650, 1, 18, 0, 0, 5, 8.79, 139
2026/09/14 16:13:50.685, 0, 47, 100, 4, 427, 108.05, 1898
2026/09/14 16:13:50.688, 1, 17, 0, 0, 5, 8.69, 139
2026/09/14 16:13:51.721, 0, 47, 100, 4, 427, 138.92, 1898
2026/09/14 16:13:51.724, 1, 18, 0, 0, 5, 8.98, 139
2026/09/14 16:13:52.759, 0, 48, 100, 4, 427, 101.09, 1898
2026/09/14 16:13:52.761, 1, 18, 0, 0, 5, 8.79, 139
2026/09/14 16:13:53.794, 0, 48, 100, 5, 427, 125.28, 1898
2026/09/14 16:13:53.797, 1, 18, 0, 0, 5, 9.13, 139
2026/09/14 16:13:54.830, 0, 48, 100, 5, 427, 101.58, 1898
2026/09/14 16:13:54.833, 1, 18, 0, 0, 5, 8.79, 139
2026/09/14 16:13:55.870, 0, 48, 100, 5, 427, 113.85, 1898
2026/09/14 16:13:55.873, 1, 18, 0, 0, 5, 8.79, 139
2026/09/14 16:13:56.905, 0, 47, 100, 5, 427, 102.11, 1898
2026/09/14 16:13:56.908, 1, 18, 0, 0, 5, 8.69, 139
2026/09/14 16:13:57.941, 0, 48, 100, 4, 427, 84.24, 1898
2026/09/14 16:13:57.944, 1, 17, 0, 0, 5, 8.79, 139
2026/09/14 16:13:58.978, 0, 48, 100, 4, 427, 101.96, 1898
2026/09/14 16:13:58.980, 1, 17, 0, 0, 5, 8.89, 139
2026/09/14 16:14:00.013, 0, 47, 100, 3, 427, 122.29, 1898
2026/09/14 16:14:00.016, 1, 18, 0, 0, 5, 8.89, 139
2026/09/14 16:14:01.049, 0, 48, 100, 4, 427, 101.48, 1898
2026/09/14 16:14:01.052, 1, 18, 0, 0, 5, 9.23, 139
2026/09/14 16:14:02.085, 0, 48, 100, 5, 427, 143.07, 1898
2026/09/14 16:14:02.087, 1, 17, 0, 0, 5, 8.78, 139
2026/09/14 16:14:03.120, 0, 47, 100, 5, 427, 99.16, 1898
2026/09/14 16:14:03.123, 1, 18, 0, 0, 5, 8.69, 139
2026/09/14 16:14:04.156, 0, 47, 100, 5, 427, 136.99, 1898
2026/09/14 16:14:04.159, 1, 18, 0, 0, 5, 8.79, 139
2026/09/14 16:14:05.192, 0, 47, 100, 4, 427, 123.04, 1898
2026/09/14 16:14:05.194, 1, 18, 0, 0, 5, 8.79, 139
2026/09/14 16:14:06.227, 0, 47, 100, 4, 427, 91.85, 1898
2026/09/14 16:14:06.229, 1, 18, 0, 0, 5, 9.03, 139
2026/09/14 16:14:07.262, 0, 47, 100, 3, 427, 113.89, 1898
2026/09/14 16:14:07.264, 1, 18, 0, 0, 5, 8.79, 139
2026/09/14 16:14:08.297, 0, 47, 100, 4, 427, 99.25, 1898
2026/09/14 16:14:08.301, 1, 18, 0, 0, 5, 8.78, 139
2026/09/14 16:14:09.352, 0, 47, 100, 5, 427, 104.72, 1898
2026/09/14 16:14:09.353, 1, 17, 0, 0, 5, 8.44, 139
2026/09/14 16:14:10.384, 0, 47, 100, 5, 427, 140.25, 1898
2026/09/14 16:14:10.387, 1, 17, 0, 0, 5, 8.79, 139
2026/09/14 16:14:11.421, 0, 47, 100, 5, 427, 97.61, 1898
2026/09/14 16:14:11.424, 1, 17, 0, 0, 5, 8.88, 139
2026/09/14 16:14:12.457, 0, 47, 100, 4, 427, 128.71, 1898
2026/09/14 16:14:12.460, 1, 17, 0, 0, 5, 8.78, 139
2026/09/14 16:14:13.493, 0, 47, 100, 4, 427, 115.12, 1898
2026/09/14 16:14:13.495, 1, 17, 0, 0, 5, 8.69, 139
2026/09/14 16:14:14.531, 0, 47, 100, 4, 427, 86.36, 1898
2026/09/14 16:14:14.534, 1, 17, 0, 0, 5, 8.79, 139
2026/09/14 16:14:15.566, 0, 47, 100, 5, 427, 105.75, 1898
2026/09/14 16:14:15.570, 1, 17, 0, 0, 5, 8.79, 139
2026/09/14 16:14:16.607, 0, 47, 100, 5, 427, 116.21, 1898
2026/09/14 16:14:16.609, 1, 18, 0, 0, 5, 8.79, 139
2026/09/14 16:14:17.641, 0, 47, 100, 4, 427, 102.79, 1898
2026/09/14 16:14:17.644, 1, 18, 0, 0, 5, 8.98, 139
2026/09/14 16:14:18.676, 0, 47, 100, 5, 427, 128.39, 1898
2026/09/14 16:14:18.678, 1, 17, 0, 0, 5, 8.69, 139
2026/09/14 16:14:19.712, 0, 47, 100, 5, 427, 95.68, 1898
2026/09/14 16:14:19.715, 1, 17, 0, 0, 5, 8.89, 139
2026/09/14 16:14:20.750, 0, 47, 100, 5, 427, 139.28, 1898
2026/09/14 16:14:20.754, 1, 17, 0, 0, 5, 8.89, 139
2026/09/14 16:14:22.060, 0, 48, 100, 5, 427, 107.18, 1898
2026/09/14 16:14:22.063, 1, 17, 0, 0, 5, 10.10, 139
2026/09/14 16:14:23.096, 0, 47, 100, 4, 427, 104.76, 1898
2026/09/14 16:14:23.099, 1, 17, 0, 0, 5, 9.03, 139
2026/09/14 16:14:24.131, 0, 48, 100, 5, 427, 82.69, 1898
2026/09/14 16:14:24.133, 1, 17, 0, 0, 5, 8.69, 139
2026/09/14 16:14:25.167, 0, 47, 100, 4, 427, 112.82, 1898
2026/09/14 16:14:25.169, 1, 17, 0, 0, 5, 8.78, 139
2026/09/14 16:14:26.202, 0, 47, 100, 4, 427, 139.34, 1898
2026/09/14 16:14:26.205, 1, 17, 0, 0, 5, 8.79, 139
2026/09/14 16:14:27.240, 0, 48, 100, 5, 427, 100.13, 1898
2026/09/14 16:14:27.242, 1, 17, 0, 0, 5, 9.03, 139
2026/09/14 16:14:28.275, 0, 47, 100, 3, 427, 125.76, 1898
2026/09/14 16:14:28.277, 1, 18, 0, 0, 5, 8.78, 139
2026/09/14 16:14:29.311, 0, 47, 100, 4, 427, 100.61, 1898
2026/09/14 16:14:29.314, 1, 17, 0, 0, 5, 8.79, 139
2026/09/14 16:14:30.347, 0, 48, 100, 5, 427, 119.09, 1898
2026/09/14 16:14:30.350, 1, 17, 0, 0, 5, 8.69, 139
2026/09/14 16:14:31.383, 0, 47, 100, 5, 427, 105.64, 1898
2026/09/14 16:14:31.385, 1, 18, 0, 0, 5, 9.03, 139
2026/09/14 16:14:32.418, 0, 47, 100, 5, 427, 85.21, 1898
2026/09/14 16:14:32.422, 1, 17, 0, 0, 5, 8.89, 139
2026/09/14 16:14:33.455, 0, 47, 100, 4, 427, 103.26, 1898
2026/09/14 16:14:33.458, 1, 17, 0, 0, 5, 9.13, 139
2026/09/14 16:14:34.494, 0, 47, 100, 4, 427, 127.58, 1898
2026/09/14 16:14:34.498, 1, 17, 0, 0, 5, 8.69, 139
2026/09/14 16:14:35.532, 0, 47, 100, 4, 427, 104.93, 1898
2026/09/14 16:14:35.535, 1, 18, 0, 0, 5, 8.79, 139
2026/09/14 16:14:36.568, 0, 47, 100, 5, 427, 132.29, 1898
2026/09/14 16:14:36.571, 1, 17, 0, 0, 5, 8.69, 139
2026/09/14 16:14:37.604, 0, 47, 100, 5, 427, 98.96, 1898
2026/09/14 16:14:37.607, 1, 17, 0, 0, 5, 8.79, 139
2026/09/14 16:14:38.642, 0, 47, 100, 5, 427, 121.04, 1898
2026/09/14 16:14:38.645, 1, 17, 0, 0, 5, 8.89, 139
2026/09/14 16:14:39.678, 0, 47, 100, 5, 427, 102.35, 1898
2026/09/14 16:14:39.684, 1, 17, 0, 0, 5, 8.79, 139
2026/09/14 16:14:40.717, 0, 47, 100, 4, 427, 84.34, 1898
2026/09/14 16:14:40.721, 1, 17, 0, 0, 5, 8.79, 139
2026/09/14 16:14:41.754, 0, 47, 100, 4, 427, 102.54, 1898
2026/09/14 16:14:41.757, 1, 17, 0, 0, 5, 8.69, 139
2026/09/14 16:14:42.790, 0, 47, 100, 4, 427, 120.41, 1898
2026/09/14 16:14:42.792, 1, 17, 0, 0, 5, 8.79, 139
2026/09/14 16:14:43.824, 0, 48, 100, 4, 427, 101.96, 1898
2026/09/14 16:14:43.828, 1, 17, 0, 0, 5, 8.79, 139
2026/09/14 16:14:44.860, 0, 47, 100, 5, 427, 139.26, 1898
2026/09/14 16:14:44.863, 1, 17, 0, 0, 5, 9.56, 139
2026/09/14 16:14:45.902, 0, 48, 100, 5, 427, 100.13, 1898
2026/09/14 16:14:45.904, 1, 17, 0, 0, 5, 8.79, 139
2026/09/14 16:14:46.937, 0, 47, 100, 5, 427, 126.97, 1898
2026/09/14 16:14:46.939, 1, 18, 0, 0, 5, 8.89, 139
2026/09/14 16:14:47.978, 0, 47, 100, 5, 427, 104.27, 1898
2026/09/14 16:14:47.980, 1, 17, 0, 0, 5, 9.13, 139
2026/09/14 16:14:49.012, 0, 48, 100, 5, 427, 85.07, 1898
2026/09/14 16:14:49.015, 1, 17, 0, 0, 5, 8.79, 139
2026/09/14 16:14:50.047, 0, 48, 100, 4, 427, 104.44, 1898
2026/09/14 16:14:50.050, 1, 17, 0, 0, 5, 9.03, 139
2026/09/14 16:14:51.083, 0, 48, 100, 4, 427, 118.68, 1898
2026/09/14 16:14:51.089, 1, 17, 0, 0, 5, 11.84, 139
2026/09/14 16:14:52.128, 0, 48, 100, 5, 427, 104.38, 1898
2026/09/14 16:14:52.131, 1, 17, 0, 0, 5, 10.00, 139
2026/09/14 16:14:53.697, 0, 47, 100, 4, 427, 96.45, 1898
2026/09/14 16:14:53.700, 1, 17, 0, 0, 5, 8.69, 139
2026/09/14 16:14:54.733, 0, 48, 100, 4, 427, 83.27, 1898
2026/09/14 16:14:54.736, 1, 17, 0, 0, 5, 8.69, 139
2026/09/14 16:14:55.768, 0, 48, 100, 5, 427, 107.79, 1898
2026/09/14 16:14:55.774, 1, 17, 0, 0, 5, 8.78, 139
2026/09/14 16:14:56.810, 0, 48, 100, 5, 427, 143.26, 1898
2026/09/14 16:14:56.812, 1, 17, 0, 0, 5, 8.79, 139
2026/09/14 16:14:57.846, 0, 48, 100, 4, 427, 100.27, 1898
2026/09/14 16:14:57.849, 1, 17, 0, 0, 5, 9.37, 139
2026/09/14 16:14:58.881, 0, 48, 100, 4, 427, 124.07, 1898
2026/09/14 16:14:58.883, 1, 17, 0, 0, 5, 9.13, 139
2026/09/14 16:14:59.916, 0, 48, 100, 5, 427, 101.67, 1898
2026/09/14 16:14:59.919, 1, 17, 0, 0, 5, 8.89, 139
2026/09/14 16:15:00.956, 0, 48, 100, 4, 427, 114.14, 1898
2026/09/14 16:15:00.959, 1, 18, 0, 0, 5, 8.79, 139
2026/09/14 16:15:01.992, 0, 47, 100, 4, 427, 101.81, 1898
2026/09/14 16:15:01.994, 1, 17, 0, 0, 5, 8.89, 139
2026/09/14 16:15:03.027, 0, 48, 100, 5, 427, 84.24, 1898
2026/09/14 16:15:03.030, 1, 17, 0, 0, 5, 8.79, 139
2026/09/14 16:15:04.062, 0, 47, 100, 4, 427, 102.79, 1898
2026/09/14 16:15:04.065, 1, 17, 0, 0, 5, 9.56, 139
2026/09/14 16:15:05.099, 0, 48, 100, 4, 427, 123.25, 1898
2026/09/14 16:15:05.102, 1, 17, 0, 0, 5, 8.78, 139
2026/09/14 16:15:06.137, 0, 48, 100, 4, 427, 105.01, 1898
2026/09/14 16:15:06.140, 1, 17, 0, 0, 5, 11.84, 139
2026/09/14 16:15:07.172, 0, 48, 100, 5, 427, 132.89, 1898
2026/09/14 16:15:07.178, 1, 17, 0, 0, 5, 8.89, 139
2026/09/14 16:15:08.212, 0, 48, 100, 5, 427, 101.92, 1898
2026/09/14 16:15:08.215, 1, 17, 0, 0, 5, 9.03, 139
2026/09/14 16:15:09.249, 0, 48, 100, 5, 427, 120.62, 1898
2026/09/14 16:15:09.252, 1, 17, 0, 0, 5, 8.79, 139
2026/09/14 16:15:10.289, 0, 48, 100, 5, 427, 100.80, 1898
2026/09/14 16:15:10.292, 1, 17, 0, 0, 5, 9.23, 139
2026/09/14 16:15:11.331, 0, 48, 100, 4, 427, 82.30, 1898
2026/09/14 16:15:11.333, 1, 17, 0, 0, 5, 8.79, 139
2026/09/14 16:15:12.375, 0, 48, 100, 4, 427, 142.15, 1898
2026/09/14 16:15:12.377, 1, 17, 0, 0, 5, 8.79, 139
2026/09/14 16:15:13.410, 0, 48, 100, 3, 427, 127.87, 1898
2026/09/14 16:15:13.413, 1, 17, 0, 0, 5, 8.55, 139
2026/09/14 16:15:14.450, 0, 48, 100, 4, 427, 89.12, 1898
2026/09/14 16:15:14.452, 1, 17, 0, 0, 5, 8.45, 139
2026/09/14 16:15:15.486, 0, 48, 100, 5, 427, 108.15, 1898
2026/09/14 16:15:15.489, 1, 17, 0, 0, 5, 8.78, 139
2026/09/14 16:15:16.530, 0, 48, 100, 5, 427, 119.15, 1898
2026/09/14 16:15:16.532, 1, 17, 0, 0, 5, 8.69, 139
2026/09/14 16:15:17.567, 0, 48, 100, 5, 427, 101.48, 1898
2026/09/14 16:15:17.570, 1, 17, 0, 0, 5, 9.03, 139
2026/09/14 16:15:18.605, 0, 48, 100, 5, 427, 134.67, 1898
2026/09/14 16:15:18.608, 1, 17, 0, 0, 5, 8.69, 139
2026/09/14 16:15:19.640, 0, 48, 100, 5, 427, 98.69, 1898
2026/09/14 16:15:19.644, 1, 17, 0, 0, 5, 8.45, 139
2026/09/14 16:15:20.679, 0, 48, 100, 3, 427, 123.54, 1898
2026/09/14 16:15:20.681, 1, 17, 0, 0, 5, 9.03, 139
2026/09/14 16:15:21.716, 0, 48, 100, 5, 427, 106.90, 1898
2026/09/14 16:15:21.718, 1, 17, 0, 0, 5, 9.23, 139
2026/09/14 16:15:22.751, 0, 48, 100, 4, 427, 86.02, 1898
2026/09/14 16:15:22.758, 1, 17, 0, 0, 5, 8.79, 139
2026/09/14 16:15:23.791, 0, 48, 100, 4, 427, 102.49, 1898
2026/09/14 16:15:23.793, 1, 18, 0, 0, 5, 8.79, 139
2026/09/14 16:15:24.905, 0, 48, 100, 5, 427, 121.01, 1898
2026/09/14 16:15:24.908, 1, 17, 0, 0, 5, 8.98, 139
2026/09/14 16:15:25.942, 0, 47, 100, 5, 427, 146.07, 1898
2026/09/14 16:15:25.945, 1, 17, 0, 0, 5, 8.79, 139
2026/09/14 16:15:26.977, 0, 48, 100, 5, 427, 98.87, 1898
2026/09/14 16:15:26.981, 1, 17, 0, 0, 5, 8.55, 139
2026/09/14 16:15:28.014, 0, 47, 100, 4, 427, 107.42, 1898
2026/09/14 16:15:28.028, 1, 17, 0, 0, 5, 8.79, 139
2026/09/14 16:15:29.061, 0, 47, 100, 5, 427, 100.45, 1898
2026/09/14 16:15:29.064, 1, 17, 0, 0, 5, 8.79, 139
2026/09/14 16:15:30.098, 0, 48, 100, 4, 427, 104.96, 1898
2026/09/14 16:15:30.101, 1, 17, 0, 0, 5, 8.79, 139
2026/09/14 16:15:31.133, 0, 47, 100, 5, 427, 116.26, 1898
2026/09/14 16:15:31.136, 1, 18, 0, 0, 5, 9.13, 139
2026/09/14 16:15:32.169, 0, 47, 100, 4, 427, 86.32, 1898
2026/09/14 16:15:32.171, 1, 17, 0, 0, 5, 13.68, 139
2026/09/14 16:15:33.204, 0, 48, 100, 5, 427, 128.32, 1898
2026/09/14 16:15:33.207, 1, 17, 0, 0, 5, 9.13, 139
2026/09/14 16:15:34.241, 0, 47, 100, 4, 427, 141.84, 1898
2026/09/14 16:15:34.244, 1, 18, 0, 0, 5, 8.79, 139
2026/09/14 16:15:35.276, 0, 48, 100, 5, 427, 99.30, 1898
2026/09/14 16:15:35.278, 1, 17, 0, 0, 5, 8.79, 139
2026/09/14 16:15:36.313, 0, 48, 100, 3, 427, 119.80, 1898
2026/09/14 16:15:36.316, 1, 18, 0, 0, 5, 8.89, 139
2026/09/14 16:15:37.349, 0, 48, 100, 4, 427, 99.32, 1898
2026/09/14 16:15:37.355, 1, 17, 0, 0, 5, 8.55, 139
2026/09/14 16:15:38.389, 0, 48, 100, 5, 427, 110.66, 1898
2026/09/14 16:15:38.391, 1, 17, 0, 0, 5, 8.79, 139
2026/09/14 16:15:39.423, 0, 48, 100, 5, 427, 98.38, 1898
2026/09/14 16:15:39.426, 1, 17, 0, 0, 5, 8.88, 139
2026/09/14 16:15:40.464, 0, 48, 100, 5, 427, 84.13, 1898
2026/09/14 16:15:40.467, 1, 17, 0, 0, 5, 8.69, 139
2026/09/14 16:15:41.504, 0, 48, 100, 5, 427, 135.35, 1898
2026/09/14 16:15:41.507, 1, 18, 0, 0, 5, 9.03, 139
2026/09/14 16:15:42.539, 0, 47, 100, 4, 427, 138.71, 1898
2026/09/14 16:15:42.542, 1, 17, 0, 0, 5, 9.03, 139
2026/09/14 16:15:43.578, 0, 48, 100, 3, 427, 92.33, 1898
2026/09/14 16:15:43.581, 1, 17, 0, 0, 5, 8.35, 139
2026/09/14 16:15:44.614, 0, 48, 100, 4, 427, 114.14, 1898
2026/09/14 16:15:44.616, 1, 17, 0, 0, 5, 8.79, 139
2026/09/14 16:15:45.650, 0, 47, 100, 5, 427, 99.08, 1898
2026/09/14 16:15:45.653, 1, 17, 0, 0, 5, 8.79, 139
2026/09/14 16:15:46.685, 0, 48, 100, 4, 427, 111.39, 1898
2026/09/14 16:15:46.688, 1, 17, 0, 0, 5, 8.69, 139
2026/09/14 16:15:47.720, 0, 48, 100, 5, 427, 98.72, 1898
2026/09/14 16:15:47.722, 1, 17, 0, 0, 5, 8.89, 139
2026/09/14 16:15:48.755, 0, 48, 100, 4, 427, 83.51, 1898
2026/09/14 16:15:48.760, 1, 17, 0, 0, 5, 8.88, 139
2026/09/14 16:15:49.795, 0, 48, 100, 4, 427, 124.69, 1898
2026/09/14 16:15:49.801, 1, 17, 0, 0, 5, 8.79, 139
2026/09/14 16:15:50.835, 0, 47, 100, 4, 427, 143.74, 1898
2026/09/14 16:15:50.837, 1, 18, 0, 0, 5, 9.03, 139
2026/09/14 16:15:51.871, 0, 48, 100, 4, 427, 97.76, 1898
2026/09/14 16:15:51.874, 1, 17, 0, 0, 5, 8.89, 139
2026/09/14 16:15:52.910, 0, 47, 100, 5, 427, 115.17, 1898
2026/09/14 16:15:52.913, 1, 18, 0, 0, 5, 8.89, 139
2026/09/14 16:15:53.952, 0, 47, 100, 5, 427, 98.29, 1898
2026/09/14 16:15:53.954, 1, 17, 0, 0, 5, 8.79, 139
2026/09/14 16:15:54.987, 0, 48, 100, 5, 427, 105.15, 1898
2026/09/14 16:15:54.992, 1, 17, 0, 0, 5, 8.69, 139
2026/09/14 16:15:56.025, 0, 47, 100, 4, 427, 119.68, 1898
2026/09/14 16:15:56.027, 1, 17, 0, 0, 5, 9.03, 139
2026/09/14 16:15:57.062, 0, 47, 100, 5, 427, 93.79, 1898
2026/09/14 16:15:57.065, 1, 17, 0, 0, 5, 8.69, 139
2026/09/14 16:15:58.100, 0, 48, 100, 4, 427, 143.73, 1898
2026/09/14 16:15:58.103, 1, 17, 0, 0, 5, 8.69, 139
2026/09/14 16:15:59.137, 0, 47, 100, 4, 427, 121.24, 1898
2026/09/14 16:15:59.140, 1, 17, 0, 0, 5, 9.13, 139
2026/09/14 16:16:00.175, 0, 48, 100, 5, 427, 86.61, 1898
2026/09/14 16:16:00.182, 1, 17, 0, 0, 5, 8.79, 139
2026/09/14 16:16:01.216, 0, 48, 100, 4, 427, 105.15, 1898
2026/09/14 16:16:01.219, 1, 17, 0, 0, 5, 9.37, 139
2026/09/14 16:16:02.252, 0, 48, 100, 4, 427, 103.94, 1898
2026/09/14 16:16:02.255, 1, 17, 0, 0, 5, 8.54, 139
2026/09/14 16:16:03.291, 0, 48, 100, 4, 427, 102.30, 1898
2026/09/14 16:16:03.294, 1, 17, 0, 0, 5, 8.89, 139
2026/09/14 16:16:04.340, 0, 48, 100, 5, 427, 138.14, 1898
2026/09/14 16:16:04.341, 1, 17, 0, 0, 5, 8.55, 139
2026/09/14 16:16:05.373, 0, 48, 100, 5, 427, 100.03, 1898
2026/09/14 16:16:05.376, 1, 17, 0, 0, 5, 9.13, 139
2026/09/14 16:16:06.409, 0, 48, 100, 5, 427, 116.60, 1898
2026/09/14 16:16:06.412, 1, 17, 0, 0, 5, 8.79, 139
2026/09/14 16:16:07.446, 0, 48, 100, 5, 427, 101.00, 1898
2026/09/14 16:16:07.449, 1, 17, 0, 0, 5, 8.79, 139
2026/09/14 16:16:08.483, 0, 48, 100, 4, 427, 84.23, 1898
2026/09/14 16:16:08.486, 1, 17, 0, 0, 5, 8.69, 139
2026/09/14 16:16:09.518, 0, 48, 100, 4, 427, 102.45, 1898
2026/09/14 16:16:09.521, 1, 17, 0, 0, 5, 8.79, 139
2026/09/14 16:16:10.554, 0, 48, 100, 3, 427, 119.25, 1898
2026/09/14 16:16:10.556, 1, 17, 0, 0, 5, 9.12, 139
2026/09/14 16:16:11.589, 0, 48, 100, 4, 427, 101.96, 1898
2026/09/14 16:16:11.592, 1, 17, 0, 0, 5, 8.69, 139
2026/09/14 16:16:12.624, 0, 48, 100, 5, 427, 136.29, 1898
2026/09/14 16:16:12.627, 1, 18, 0, 0, 5, 8.44, 139
2026/09/14 16:16:13.662, 0, 48, 100, 5, 427, 98.43, 1898
2026/09/14 16:16:13.664, 1, 17, 0, 0, 5, 8.79, 139
2026/09/14 16:16:14.697, 0, 48, 100, 5, 427, 135.34, 1898
2026/09/14 16:16:14.701, 1, 18, 0, 0, 5, 8.79, 139
2026/09/14 16:16:15.738, 0, 48, 100, 5, 427, 110.23, 1898
2026/09/14 16:16:15.741, 1, 17, 0, 0, 5, 9.23, 139
2026/09/14 16:16:16.776, 0, 48, 100, 5, 427, 84.97, 1898
2026/09/14 16:16:16.781, 1, 17, 0, 0, 5, 8.79, 139
2026/09/14 16:16:17.814, 0, 48, 100, 3, 427, 103.51, 1898
2026/09/14 16:16:17.817, 1, 17, 0, 0, 5, 8.79, 139
2026/09/14 16:16:18.850, 0, 48, 100, 4, 427, 113.25, 1898
2026/09/14 16:16:18.853, 1, 17, 0, 0, 5, 9.37, 139
2026/09/14 16:16:19.894, 0, 48, 100, 5, 427, 104.70, 1898
2026/09/14 16:16:19.896, 1, 18, 0, 0, 5, 8.79, 139
2026/09/14 16:16:20.932, 0, 48, 100, 4, 427, 122.09, 1898
2026/09/14 16:16:20.935, 1, 17, 0, 0, 5, 8.89, 139
2026/09/14 16:16:21.967, 0, 48, 100, 5, 427, 100.37, 1898
2026/09/14 16:16:21.971, 1, 18, 0, 0, 5, 8.64, 139
2026/09/14 16:16:23.004, 0, 48, 100, 4, 427, 116.60, 1898
2026/09/14 16:16:23.007, 1, 17, 0, 0, 5, 8.79, 139
2026/09/14 16:16:24.040, 0, 48, 100, 4, 427, 103.66, 1898
2026/09/14 16:16:24.043, 1, 17, 0, 0, 5, 8.79, 139
2026/09/14 16:16:25.076, 0, 48, 100, 3, 427, 84.48, 1898
2026/09/14 16:16:25.080, 1, 17, 0, 0, 5, 8.69, 139
2026/09/14 16:16:26.112, 0, 48, 100, 4, 427, 103.27, 1898
2026/09/14 16:16:26.115, 1, 17, 0, 0, 5, 8.69, 139
2026/09/14 16:16:27.265, 0, 48, 100, 5, 427, 104.69, 1898
2026/09/14 16:16:27.268, 1, 17, 0, 0, 5, 9.75, 139
2026/09/14 16:16:28.302, 0, 48, 100, 4, 427, 136.63, 1898
2026/09/14 16:16:28.304, 1, 18, 0, 0, 5, 8.88, 139
2026/09/14 16:16:29.358, 0, 47, 100, 5, 427, 103.89, 1898
2026/09/14 16:16:29.361, 1, 18, 0, 0, 5, 8.98, 139
2026/09/14 16:16:30.395, 0, 48, 100, 4, 427, 103.27, 1898
2026/09/14 16:16:30.398, 1, 18, 0, 0, 5, 8.55, 139
2026/09/14 16:16:31.430, 0, 48, 100, 4, 427, 136.05, 1898
2026/09/14 16:16:31.434, 1, 17, 0, 0, 5, 8.78, 139
2026/09/14 16:16:32.467, 0, 48, 100, 5, 427, 97.47, 1898
2026/09/14 16:16:32.470, 1, 17, 0, 0, 5, 8.79, 139
2026/09/14 16:16:33.504, 0, 48, 100, 4, 427, 132.18, 1898
2026/09/14 16:16:33.510, 1, 18, 0, 0, 5, 8.79, 139
2026/09/14 16:16:34.543, 0, 48, 100, 4, 427, 118.19, 1898
2026/09/14 16:16:34.546, 1, 18, 0, 0, 5, 8.89, 139
2026/09/14 16:16:35.578, 0, 48, 100, 4, 427, 89.85, 1898
2026/09/14 16:16:35.581, 1, 18, 0, 0, 5, 9.13, 139
2026/09/14 16:16:36.613, 0, 48, 100, 5, 427, 110.18, 1898
2026/09/14 16:16:36.616, 1, 18, 0, 0, 5, 8.79, 139
2026/09/14 16:16:37.651, 0, 48, 100, 4, 427, 99.98, 1898
2026/09/14 16:16:37.657, 1, 17, 0, 0, 5, 8.55, 139
2026/09/14 16:16:38.691, 0, 48, 100, 4, 427, 104.48, 1898
2026/09/14 16:16:38.694, 1, 17, 0, 0, 5, 8.78, 139
2026/09/14 16:16:39.726, 0, 48, 100, 4, 427, 128.88, 1898
2026/09/14 16:16:39.730, 1, 17, 0, 0, 5, 8.69, 139
2026/09/14 16:16:40.763, 0, 48, 100, 4, 427, 90.63, 1898
2026/09/14 16:16:40.765, 1, 18, 0, 0, 5, 8.89, 139
2026/09/14 16:16:41.799, 0, 48, 100, 5, 427, 144.56, 1898
2026/09/14 16:16:41.805, 1, 17, 0, 0, 5, 9.03, 139
2026/09/14 16:16:42.838, 0, 48, 100, 5, 427, 126.12, 1898
2026/09/14 16:16:42.841, 1, 18, 0, 0, 5, 8.79, 139
2026/09/14 16:16:43.873, 0, 48, 100, 4, 427, 92.92, 1898
2026/09/14 16:16:43.876, 1, 17, 0, 0, 5, 8.79, 139
2026/09/14 16:16:44.909, 0, 48, 100, 5, 427, 115.20, 1898
2026/09/14 16:16:44.912, 1, 17, 0, 0, 5, 8.89, 139
2026/09/14 16:16:45.948, 0, 48, 100, 5, 427, 97.90, 1898
2026/09/14 16:16:45.953, 1, 18, 0, 0, 5, 9.23, 139
2026/09/14 16:16:46.991, 0, 48, 100, 4, 427, 102.45, 1898
2026/09/14 16:16:46.996, 1, 18, 0, 0, 5, 8.55, 139
2026/09/14 16:16:48.029, 0, 48, 100, 5, 427, 138.70, 1898
2026/09/14 16:16:48.031, 1, 17, 0, 0, 5, 8.55, 139
2026/09/14 16:16:49.064, 0, 48, 100, 4, 427, 96.98, 1898
2026/09/14 16:16:49.066, 1, 17, 0, 0, 5, 8.79, 139
2026/09/14 16:16:50.098, 0, 48, 100, 5, 427, 141.69, 1898
2026/09/14 16:16:50.104, 1, 17, 0, 0, 5, 8.89, 139
2026/09/14 16:16:51.141, 0, 48, 100, 4, 427, 107.95, 1898
2026/09/14 16:16:51.147, 1, 18, 0, 0, 5, 8.79, 139
2026/09/14 16:16:52.180, 0, 48, 100, 4, 427, 86.85, 1898
2026/09/14 16:16:52.183, 1, 17, 0, 0, 5, 9.13, 139
2026/09/14 16:16:53.215, 0, 48, 100, 4, 427, 105.93, 1898
2026/09/14 16:16:53.219, 1, 17, 0, 0, 5, 8.79, 139
2026/09/14 16:16:54.251, 0, 48, 100, 5, 427, 101.98, 1898
2026/09/14 16:16:54.255, 1, 17, 0, 0, 5, 8.69, 139
2026/09/14 16:16:55.287, 0, 48, 100, 4, 427, 104.72, 1898
2026/09/14 16:16:55.290, 1, 17, 0, 0, 5, 14.65, 139
2026/09/14 16:16:56.339, 0, 48, 100, 5, 427, 119.84, 1898
2026/09/14 16:16:56.341, 1, 17, 0, 0, 5, 9.47, 139
2026/09/14 16:16:57.375, 0, 48, 100, 5, 427, 100.25, 1898
2026/09/14 16:16:57.382, 1, 18, 0, 0, 5, 9.32, 139
2026/09/14 16:16:58.414, 0, 48, 100, 4, 427, 112.69, 1898
2026/09/14 16:16:58.416, 1, 18, 0, 0, 5, 8.79, 139
2026/09/14 16:16:59.449, 0, 48, 100, 4, 427, 100.80, 1898
2026/09/14 16:16:59.452, 1, 18, 0, 0, 5, 8.69, 139
2026/09/14 16:17:00.485, 0, 48, 100, 4, 427, 84.00, 1898
2026/09/14 16:17:00.488, 1, 17, 0, 0, 5, 8.79, 139
2026/09/14 16:17:01.521, 0, 48, 100, 4, 427, 102.06, 1898
2026/09/14 16:17:01.523, 1, 17, 0, 0, 5, 8.69, 139
2026/09/14 16:17:02.556, 0, 48, 100, 5, 427, 124.78, 1898
2026/09/14 16:17:02.559, 1, 17, 0, 0, 5, 8.79, 139
2026/09/14 16:17:03.595, 0, 48, 100, 5, 427, 104.76, 1898
2026/09/14 16:17:03.598, 1, 17, 0, 0, 5, 8.88, 139
2026/09/14 16:17:04.633, 0, 48, 100, 5, 427, 128.16, 1898
2026/09/14 16:17:04.636, 1, 18, 0, 0, 5, 8.79, 139
2026/09/14 16:17:05.671, 0, 48, 100, 4, 427, 101.33, 1898
2026/09/14 16:17:05.677, 1, 18, 0, 0, 5, 8.79, 139
2026/09/14 16:17:06.710, 0, 48, 100, 5, 427, 115.05, 1898
2026/09/14 16:17:06.713, 1, 18, 0, 0, 5, 8.55, 139
2026/09/14 16:17:07.745, 0, 48, 100, 4, 427, 103.66, 1898
2026/09/14 16:17:07.747, 1, 17, 0, 0, 5, 8.79, 139
2026/09/14 16:17:08.781, 0, 48, 100, 4, 427, 84.71, 1898
2026/09/14 16:17:08.784, 1, 17, 0, 0, 5, 8.88, 139
2026/09/14 16:17:09.817, 0, 48, 100, 5, 427, 102.30, 1898
2026/09/14 16:17:09.821, 1, 17, 0, 0, 5, 8.89, 139
2026/09/14 16:17:10.854, 0, 48, 100, 5, 427, 123.83, 1898
2026/09/14 16:17:10.857, 1, 17, 0, 0, 5, 8.60, 139
2026/09/14 16:17:11.890, 0, 48, 100, 4, 427, 101.72, 1898
2026/09/14 16:17:11.893, 1, 18, 0, 0, 5, 8.55, 139
2026/09/14 16:17:12.926, 0, 47, 100, 4, 427, 142.57, 1898
2026/09/14 16:17:12.929, 1, 17, 0, 0, 5, 8.88, 139
2026/09/14 16:17:13.962, 0, 48, 100, 5, 427, 98.92, 1898
2026/09/14 16:17:13.965, 1, 17, 0, 0, 5, 8.79, 139
2026/09/14 16:17:14.998, 0, 48, 100, 4, 427, 139.98, 1898
2026/09/14 16:17:15.000, 1, 18, 0, 0, 5, 8.88, 139
2026/09/14 16:17:16.035, 0, 47, 100, 4, 427, 114.71, 1898
2026/09/14 16:17:16.039, 1, 17, 0, 0, 5, 8.79, 139
2026/09/14 16:17:17.072, 0, 48, 100, 5, 427, 89.37, 1898
2026/09/14 16:17:17.074, 1, 17, 0, 0, 5, 8.69, 139
2026/09/14 16:17:18.108, 0, 48, 100, 4, 427, 108.25, 1898
2026/09/14 16:17:18.110, 1, 17, 0, 0, 5, 9.37, 139
2026/09/14 16:17:19.144, 0, 48, 100, 4, 427, 98.29, 1898
2026/09/14 16:17:19.147, 1, 17, 0, 0, 5, 8.69, 139
2026/09/14 16:17:20.184, 0, 48, 100, 4, 427, 103.50, 1898
2026/09/14 16:17:20.187, 1, 17, 0, 0, 5, 9.03, 139
2026/09/14 16:17:21.219, 0, 47, 100, 5, 427, 125.49, 1898
2026/09/14 16:17:21.222, 1, 17, 0, 0, 5, 8.88, 139
2026/09/14 16:17:22.256, 0, 48, 100, 4, 427, 92.58, 1898
2026/09/14 16:17:22.258, 1, 17, 0, 0, 5, 8.69, 139
2026/09/14 16:17:23.292, 0, 48, 100, 5, 427, 136.19, 1898
2026/09/14 16:17:23.294, 1, 17, 0, 0, 5, 8.79, 139
2026/09/14 16:17:24.327, 0, 47, 100, 5, 427, 138.23, 1898
2026/09/14 16:17:24.330, 1, 17, 0, 0, 5, 14.55, 139
2026/09/14 16:17:25.390, 0, 48, 100, 4, 427, 89.91, 1898
2026/09/14 16:17:25.393, 1, 17, 0, 0, 5, 9.42, 139
2026/09/14 16:17:26.426, 0, 48, 100, 4, 427, 133.60, 1898
2026/09/14 16:17:26.429, 1, 17, 0, 0, 5, 8.78, 139
2026/09/14 16:17:27.461, 0, 48, 100, 4, 427, 144.42, 1898
2026/09/14 16:17:27.464, 1, 17, 0, 0, 5, 9.13, 139
2026/09/14 16:17:28.497, 0, 48, 100, 4, 427, 92.82, 1898
2026/09/14 16:17:28.503, 1, 18, 0, 0, 5, 8.79, 139
2026/09/14 16:17:29.537, 0, 48, 100, 5, 427, 114.38, 1898
2026/09/14 16:17:29.539, 1, 17, 0, 0, 5, 8.69, 139
2026/09/14 16:17:30.573, 0, 48, 100, 5, 427, 100.45, 1898
2026/09/14 16:17:30.575, 1, 17, 0, 0, 5, 8.79, 139
2026/09/14 16:17:31.609, 0, 48, 100, 5, 427, 111.87, 1898
2026/09/14 16:17:31.611, 1, 17, 0, 0, 5, 9.13, 139
2026/09/14 16:17:32.643, 0, 48, 100, 5, 427, 99.69, 1898
2026/09/14 16:17:32.645, 1, 18, 0, 0, 5, 8.89, 139
2026/09/14 16:17:33.679, 0, 48, 100, 5, 427, 83.99, 1898
2026/09/14 16:17:33.681, 1, 17, 0, 0, 5, 8.78, 139
2026/09/14 16:17:34.715, 0, 48, 100, 3, 427, 101.24, 1898
2026/09/14 16:17:34.720, 1, 17, 0, 0, 5, 8.79, 139
2026/09/14 16:17:35.752, 0, 48, 100, 4, 427, 129.74, 1898
2026/09/14 16:17:35.755, 1, 17, 0, 0, 5, 8.93, 139
2026/09/14 16:17:36.793, 0, 48, 100, 5, 427, 102.97, 1898
2026/09/14 16:17:36.795, 1, 18, 0, 0, 5, 8.55, 139
2026/09/14 16:17:37.829, 0, 48, 100, 5, 427, 117.42, 1898
2026/09/14 16:17:37.835, 1, 18, 0, 0, 5, 9.27, 139
2026/09/14 16:17:38.870, 0, 48, 100, 5, 427, 101.04, 1898
2026/09/14 16:17:38.873, 1, 18, 0, 0, 5, 8.60, 139
2026/09/14 16:17:39.905, 0, 48, 100, 4, 427, 113.38, 1898
2026/09/14 16:17:39.908, 1, 18, 0, 0, 5, 8.69, 139
2026/09/14 16:17:40.940, 0, 48, 100, 5, 427, 102.35, 1898
2026/09/14 16:17:40.942, 1, 18, 0, 0, 5, 8.69, 139
2026/09/14 16:17:41.975, 0, 48, 100, 4, 427, 84.00, 1898
2026/09/14 16:17:41.980, 1, 17, 0, 0, 5, 8.89, 139
2026/09/14 16:17:43.013, 0, 48, 100, 4, 427, 102.54, 1898
2026/09/14 16:17:43.015, 1, 18, 0, 0, 5, 8.89, 139
2026/09/14 16:17:44.049, 0, 48, 100, 4, 427, 124.78, 1898
2026/09/14 16:17:44.051, 1, 17, 0, 0, 5, 8.98, 139
2026/09/14 16:17:45.085, 0, 48, 100, 4, 427, 101.45, 1898
2026/09/14 16:17:45.088, 1, 17, 0, 0, 5, 8.89, 139
2026/09/14 16:17:46.120, 0, 48, 100, 5, 427, 143.07, 1898
2026/09/14 16:17:46.122, 1, 18, 0, 0, 5, 8.79, 139
2026/09/14 16:17:47.154, 0, 48, 100, 4, 427, 99.16, 1898
2026/09/14 16:17:47.157, 1, 17, 0, 0, 5, 8.55, 139
2026/09/14 16:17:48.191, 0, 48, 100, 5, 427, 137.83, 1898
2026/09/14 16:17:48.194, 1, 17, 0, 0, 5, 8.89, 139
2026/09/14 16:17:49.226, 0, 48, 100, 5, 427, 128.85, 1898
2026/09/14 16:17:49.228, 1, 17, 0, 0, 5, 9.13, 139
2026/09/14 16:17:50.262, 0, 48, 100, 4, 427, 89.37, 1898
2026/09/14 16:17:50.268, 1, 17, 0, 0, 5, 9.03, 139
2026/09/14 16:17:51.303, 0, 48, 100, 5, 427, 106.70, 1898
2026/09/14 16:17:51.306, 1, 17, 0, 0, 5, 8.55, 139
2026/09/14 16:17:52.339, 0, 48, 100, 5, 427, 100.22, 1898
2026/09/14 16:17:52.342, 1, 17, 0, 0, 5, 8.69, 139
2026/09/14 16:17:53.378, 0, 48, 100, 4, 427, 103.75, 1898
2026/09/14 16:17:53.380, 1, 17, 0, 0, 5, 12.47, 139
2026/09/14 16:17:54.413, 0, 48, 100, 5, 427, 134.70, 1898
2026/09/14 16:17:54.418, 1, 17, 0, 0, 5, 8.89, 139
2026/09/14 16:17:55.462, 0, 48, 100, 5, 427, 100.71, 1898
2026/09/14 16:17:55.464, 1, 17, 0, 0, 5, 8.55, 139
2026/09/14 16:17:56.497, 0, 48, 100, 4, 427, 115.63, 1898
2026/09/14 16:17:56.502, 1, 17, 0, 0, 5, 8.54, 139
2026/09/14 16:17:57.535, 0, 48, 100, 5, 427, 104.38, 1898
2026/09/14 16:17:57.537, 1, 17, 0, 0, 5, 8.89, 139
2026/09/14 16:17:58.571, 0, 48, 100, 5, 427, 84.82, 1898
2026/09/14 16:17:58.573, 1, 17, 0, 0, 5, 8.69, 139
2026/09/14 16:17:59.606, 0, 48, 100, 5, 427, 103.51, 1898
2026/09/14 16:17:59.609, 1, 17, 0, 0, 5, 8.69, 139
2026/09/14 16:18:00.642, 0, 48, 100, 4, 427, 112.59, 1898
2026/09/14 16:18:00.644, 1, 17, 0, 0, 5, 9.32, 139
2026/09/14 16:18:01.680, 0, 48, 100, 4, 427, 101.72, 1898
2026/09/14 16:18:01.683, 1, 17, 0, 0, 5, 8.78, 139
2026/09/14 16:18:02.716, 0, 48, 100, 3, 427, 144.64, 1898
2026/09/14 16:18:02.718, 1, 17, 0, 0, 5, 8.54, 139
2026/09/14 16:18:03.751, 0, 48, 100, 4, 427, 99.50, 1898
2026/09/14 16:18:03.754, 1, 17, 0, 0, 5, 8.93, 139
2026/09/14 16:18:04.789, 0, 48, 100, 5, 427, 132.01, 1898
2026/09/14 16:18:04.792, 1, 17, 0, 0, 5, 8.55, 139
2026/09/14 16:18:05.824, 0, 48, 100, 4, 427, 117.68, 1898
2026/09/14 16:18:05.827, 1, 17, 0, 0, 5, 8.79, 139
2026/09/14 16:18:06.863, 0, 48, 100, 5, 427, 87.64, 1898
2026/09/14 16:18:06.866, 1, 17, 0, 0, 5, 9.23, 139
2026/09/14 16:18:07.900, 0, 48, 100, 4, 427, 103.99, 1898
2026/09/14 16:18:07.906, 1, 17, 0, 0, 5, 9.03, 139
2026/09/14 16:18:08.939, 0, 48, 100, 4, 427, 114.79, 1898
2026/09/14 16:18:08.943, 1, 17, 0, 0, 5, 8.69, 139
2026/09/14 16:18:09.975, 0, 48, 100, 4, 427, 103.03, 1898
2026/09/14 16:18:09.978, 1, 17, 0, 0, 5, 8.60, 139
2026/09/14 16:18:11.010, 0, 48, 100, 4, 427, 135.42, 1898
2026/09/14 16:18:11.014, 1, 17, 0, 0, 5, 8.79, 139
2026/09/14 16:18:12.047, 0, 48, 100, 5, 427, 96.98, 1898
2026/09/14 16:18:12.049, 1, 17, 0, 0, 5, 9.23, 139
2026/09/14 16:18:13.083, 0, 48, 100, 5, 427, 142.83, 1898
2026/09/14 16:18:13.086, 1, 17, 0, 0, 5, 8.98, 139
2026/09/14 16:18:14.121, 0, 48, 100, 5, 427, 123.16, 1898
2026/09/14 16:18:14.123, 1, 17, 0, 0, 5, 9.03, 139
2026/09/14 16:18:15.157, 0, 48, 100, 4, 427, 89.37, 1898
2026/09/14 16:18:15.162, 1, 17, 0, 0, 5, 8.69, 139
2026/09/14 16:18:16.194, 0, 48, 100, 4, 427, 110.66, 1898
2026/09/14 16:18:16.196, 1, 17, 0, 0, 5, 8.69, 139
2026/09/14 16:18:17.229, 0, 48, 100, 4, 427, 99.48, 1898
2026/09/14 16:18:17.231, 1, 17, 0, 0, 5, 8.78, 139
2026/09/14 16:18:18.271, 0, 48, 100, 4, 427, 104.24, 1898
2026/09/14 16:18:18.274, 1, 17, 0, 0, 5, 9.23, 139
2026/09/14 16:18:19.308, 0, 48, 100, 5, 427, 136.63, 1898
2026/09/14 16:18:19.312, 1, 17, 0, 0, 5, 8.78, 139
2026/09/14 16:18:20.346, 0, 48, 100, 5, 427, 99.88, 1898
2026/09/14 16:18:20.349, 1, 17, 0, 0, 5, 8.69, 139
2026/09/14 16:18:21.381, 0, 48, 100, 5, 427, 143.38, 1898
2026/09/14 16:18:21.384, 1, 18, 0, 0, 5, 8.78, 139
2026/09/14 16:18:22.419, 0, 48, 100, 5, 427, 118.29, 1898
2026/09/14 16:18:22.423, 1, 17, 0, 0, 5, 14.55, 139
2026/09/14 16:18:23.462, 0, 48, 100, 5, 427, 85.54, 1898
2026/09/14 16:18:23.466, 1, 17, 0, 0, 5, 8.88, 139
2026/09/14 16:18:24.513, 0, 48, 100, 4, 427, 133.93, 1898
2026/09/14 16:18:24.515, 1, 17, 0, 0, 5, 9.03, 139
2026/09/14 16:18:25.548, 0, 48, 100, 4, 427, 137.51, 1898
2026/09/14 16:18:25.552, 1, 17, 0, 0, 5, 8.55, 139
2026/09/14 16:18:26.584, 0, 48, 100, 5, 427, 92.57, 1898
2026/09/14 16:18:26.590, 1, 17, 0, 0, 5, 8.55, 139
2026/09/14 16:18:27.625, 0, 48, 100, 4, 427, 111.69, 1898
2026/09/14 16:18:27.628, 1, 17, 0, 0, 5, 9.03, 139
2026/09/14 16:18:28.662, 0, 48, 100, 5, 523, 140.87, 1898
2026/09/14 16:18:28.665, 1, 18, 0, 0, 5, 9.03, 139
2026/09/14 16:18:29.702, 0, 48, 100, 5, 523, 116.69, 1898
2026/09/14 16:18:29.705, 1, 18, 0, 0, 5, 8.79, 139
2026/09/14 16:18:30.739, 0, 48, 100, 6, 523, 84.82, 1898
2026/09/14 16:18:30.742, 1, 17, 0, 0, 5, 8.55, 139
2026/09/14 16:18:31.776, 0, 48, 100, 5, 523, 104.24, 1898
2026/09/14 16:18:31.782, 1, 17, 0, 0, 5, 8.79, 139
2026/09/14 16:18:32.813, 0, 48, 100, 5, 523, 105.30, 1898
2026/09/14 16:18:32.816, 1, 17, 0, 0, 5, 8.89, 139
2026/09/14 16:18:33.848, 0, 48, 100, 5, 523, 135.88, 1898
2026/09/14 16:18:33.850, 1, 17, 0, 0, 5, 8.69, 139
2026/09/14 16:18:34.883, 0, 48, 100, 5, 523, 138.65, 1898
2026/09/14 16:18:34.888, 1, 17, 0, 0, 5, 9.23, 139
2026/09/14 16:18:35.925, 0, 48, 100, 6, 523, 85.79, 1898
2026/09/14 16:18:35.930, 1, 17, 0, 0, 5, 8.69, 139
2026/09/14 16:18:36.963, 0, 48, 100, 5, 523, 108.39, 1898
2026/09/14 16:18:36.965, 1, 17, 0, 0, 5, 8.79, 139
2026/09/14 16:18:37.998, 0, 48, 100, 5, 523, 103.50, 1898
2026/09/14 16:18:38.000, 1, 17, 0, 0, 5, 8.79, 139
2026/09/14 16:18:39.032, 0, 48, 100, 5, 523, 119.46, 1898
2026/09/14 16:18:39.036, 1, 17, 0, 0, 5, 8.89, 139
2026/09/14 16:18:40.070, 0, 48, 100, 5, 523, 128.74, 1898
2026/09/14 16:18:40.072, 1, 17, 0, 0, 5, 9.03, 139
2026/09/14 16:18:41.109, 0, 48, 100, 5, 523, 90.30, 1898
2026/09/14 16:18:41.111, 1, 17, 0, 0, 5, 8.79, 139
2026/09/14 16:18:42.145, 0, 48, 100, 5, 523, 118.77, 1898
2026/09/14 16:18:42.147, 1, 17, 0, 0, 5, 8.79, 139
2026/09/14 16:18:43.179, 0, 48, 100, 5, 523, 105.73, 1898
2026/09/14 16:18:43.187, 1, 17, 0, 0, 5, 9.13, 139
2026/09/14 16:18:44.221, 0, 48, 100, 5, 523, 125.18, 1898
2026/09/14 16:18:44.227, 1, 17, 0, 0, 5, 8.89, 139
2026/09/14 16:18:45.261, 0, 48, 100, 5, 523, 133.35, 1898
2026/09/14 16:18:45.263, 1, 17, 0, 0, 5, 9.03, 139
2026/09/14 16:18:46.298, 0, 48, 100, 5, 523, 90.97, 1898
2026/09/14 16:18:46.300, 1, 17, 0, 0, 5, 8.98, 139
2026/09/14 16:18:47.334, 0, 48, 100, 5, 523, 121.04, 1898
2026/09/14 16:18:47.336, 1, 17, 0, 0, 5, 8.89, 139
2026/09/14 16:18:48.378, 0, 48, 100, 5, 523, 102.79, 1898
2026/09/14 16:18:48.381, 1, 17, 0, 0, 5, 8.98, 139
2026/09/14 16:18:49.412, 0, 48, 100, 5, 523, 126.14, 1898
2026/09/14 16:18:49.419, 1, 17, 0, 0, 5, 8.69, 139
2026/09/14 16:18:50.453, 0, 48, 100, 5, 523, 139.02, 1898
2026/09/14 16:18:50.456, 1, 17, 0, 0, 5, 10.87, 139
2026/09/14 16:18:51.489, 0, 48, 100, 5, 523, 88.88, 1898
2026/09/14 16:18:51.494, 1, 17, 0, 0, 5, 9.56, 139
2026/09/14 16:18:52.527, 0, 48, 100, 5, 523, 114.33, 1898
2026/09/14 16:18:52.530, 1, 17, 0, 0, 5, 8.55, 139
2026/09/14 16:18:53.566, 0, 48, 100, 5, 523, 103.50, 1898
2026/09/14 16:18:53.569, 1, 17, 0, 0, 5, 8.79, 139
2026/09/14 16:18:54.601, 0, 48, 100, 5, 523, 111.61, 1898
2026/09/14 16:18:54.604, 1, 17, 0, 0, 5, 8.55, 139
2026/09/14 16:18:55.636, 0, 48, 100, 5, 523, 128.98, 1898
2026/09/14 16:18:55.641, 1, 17, 0, 0, 5, 8.78, 139
2026/09/14 16:18:56.674, 0, 48, 100, 5, 523, 94.66, 1898
2026/09/14 16:18:56.676, 1, 17, 0, 0, 5, 9.13, 139
2026/09/14 16:18:57.710, 0, 48, 100, 5, 523, 120.79, 1898
2026/09/14 16:18:57.715, 1, 17, 0, 0, 5, 9.23, 139
2026/09/14 16:18:58.747, 0, 48, 100, 5, 523, 109.45, 1898
2026/09/14 16:18:58.752, 1, 17, 0, 0, 5, 8.79, 139
2026/09/14 16:18:59.786, 0, 48, 100, 5, 523, 95.58, 1898
2026/09/14 16:18:59.789, 1, 17, 0, 0, 5, 8.45, 139
2026/09/14 16:19:00.821, 0, 48, 100, 5, 523, 90.88, 1898
2026/09/14 16:19:00.824, 1, 17, 0, 0, 5, 8.88, 139
2026/09/14 16:19:01.861, 0, 48, 100, 5, 523, 100.61, 1898
2026/09/14 16:19:01.863, 1, 17, 0, 0, 5, 8.55, 139
2026/09/14 16:19:03.101, 0, 48, 100, 5, 523, 84.47, 1898
2026/09/14 16:19:03.103, 1, 17, 0, 0, 5, 9.13, 139
2026/09/14 16:19:04.137, 0, 48, 100, 5, 523, 106.21, 1898
2026/09/14 16:19:04.140, 1, 17, 0, 0, 5, 8.89, 139
2026/09/14 16:19:05.172, 0, 48, 100, 5, 523, 101.72, 1898
2026/09/14 16:19:05.174, 1, 17, 0, 0, 5, 8.79, 139
2026/09/14 16:19:06.206, 0, 48, 100, 6, 523, 126.14, 1898
2026/09/14 16:19:06.209, 1, 17, 0, 0, 5, 9.03, 139
2026/09/14 16:19:07.241, 0, 48, 100, 5, 523, 139.18, 1898
2026/09/14 16:19:07.247, 1, 17, 0, 0, 5, 8.79, 139
2026/09/14 16:19:08.281, 0, 48, 100, 5, 523, 89.95, 1898
2026/09/14 16:19:08.283, 1, 17, 0, 0, 5, 9.03, 139
2026/09/14 16:19:09.316, 0, 48, 100, 5, 523, 118.39, 1898
2026/09/14 16:19:09.319, 1, 17, 0, 0, 5, 8.79, 139
2026/09/14 16:19:10.362, 0, 48, 100, 5, 523, 101.72, 1898
2026/09/14 16:19:10.365, 1, 17, 0, 0, 5, 8.55, 139
2026/09/14 16:19:11.396, 0, 48, 100, 6, 523, 126.20, 1898
2026/09/14 16:19:11.398, 1, 17, 0, 0, 5, 8.79, 139
2026/09/14 16:19:12.431, 0, 48, 100, 5, 523, 131.47, 1898
2026/09/14 16:19:12.433, 1, 17, 0, 0, 5, 8.89, 139
2026/09/14 16:19:13.466, 0, 48, 100, 5, 523, 93.80, 1898
2026/09/14 16:19:13.469, 1, 17, 0, 0, 5, 14.65, 139
2026/09/14 16:19:14.531, 0, 48, 100, 5, 523, 97.30, 1898
2026/09/14 16:19:14.536, 1, 17, 0, 0, 5, 9.13, 139
2026/09/14 16:19:15.571, 0, 48, 100, 5, 523, 124.32, 1898
2026/09/14 16:19:15.573, 1, 17, 0, 0, 5, 8.55, 139
2026/09/14 16:19:16.608, 0, 48, 100, 6, 523, 109.70, 1898
2026/09/14 16:19:16.610, 1, 17, 0, 0, 5, 8.55, 139
2026/09/14 16:19:17.643, 0, 48, 100, 5, 523, 95.19, 1898
2026/09/14 16:19:17.648, 1, 17, 0, 0, 5, 9.13, 139
2026/09/14 16:19:18.681, 0, 48, 100, 5, 523, 98.27, 1898
2026/09/14 16:19:18.684, 1, 17, 0, 0, 5, 9.37, 139
2026/09/14 16:19:19.719, 0, 48, 100, 5, 523, 101.71, 1898
2026/09/14 16:19:19.722, 1, 17, 0, 0, 5, 8.89, 139
2026/09/14 16:19:20.754, 0, 48, 100, 5, 523, 142.88, 1898
2026/09/14 16:19:20.756, 1, 18, 0, 0, 5, 8.79, 139
2026/09/14 16:19:21.789, 0, 48, 100, 6, 523, 121.53, 1898
2026/09/14 16:19:21.792, 1, 17, 0, 0, 5, 8.79, 139
2026/09/14 16:19:22.826, 0, 48, 100, 5, 523, 109.50, 1898
2026/09/14 16:19:22.828, 1, 17, 0, 0, 5, 8.79, 139
2026/09/14 16:19:23.860, 0, 48, 100, 5, 523, 84.34, 1898
2026/09/14 16:19:23.863, 1, 17, 0, 0, 5, 8.79, 139
2026/09/14 16:19:24.896, 0, 48, 100, 5, 523, 106.70, 1898
2026/09/14 16:19:24.898, 1, 17, 0, 0, 5, 8.55, 139
2026/09/14 16:19:25.930, 0, 48, 100, 5, 523, 102.45, 1898
2026/09/14 16:19:25.933, 1, 17, 0, 0, 5, 8.79, 139
2026/09/14 16:19:26.965, 0, 48, 100, 5, 523, 126.57, 1898
2026/09/14 16:19:26.969, 1, 17, 0, 0, 5, 8.79, 139
2026/09/14 16:19:28.004, 0, 48, 100, 5, 523, 130.68, 1898
2026/09/14 16:19:28.012, 1, 17, 0, 0, 5, 8.89, 139
2026/09/14 16:19:29.046, 0, 48, 100, 5, 523, 86.13, 1898
2026/09/14 16:19:29.048, 1, 17, 0, 0, 5, 8.79, 139
2026/09/14 16:19:30.081, 0, 48, 100, 5, 523, 110.66, 1898
2026/09/14 16:19:30.084, 1, 17, 0, 0, 5, 9.13, 139
2026/09/14 16:19:31.118, 0, 48, 100, 5, 523, 103.75, 1898
2026/09/14 16:19:31.120, 1, 17, 0, 0, 5, 8.89, 139
2026/09/14 16:19:32.152, 0, 48, 100, 5, 523, 111.09, 1898
2026/09/14 16:19:32.155, 1, 17, 0, 0, 5, 9.12, 139
2026/09/14 16:19:33.190, 0, 48, 100, 5, 523, 131.33, 1898
2026/09/14 16:19:33.193, 1, 17, 0, 0, 5, 8.79, 139
2026/09/14 16:19:34.508, 0, 48, 100, 5, 523, 110.66, 1898
2026/09/14 16:19:34.511, 1, 17, 0, 0, 5, 11.55, 139
2026/09/14 16:19:35.548, 0, 48, 100, 5, 523, 102.21, 1898
2026/09/14 16:19:35.551, 1, 17, 0, 0, 5, 9.13, 139
2026/09/14 16:19:36.587, 0, 48, 100, 5, 523, 142.44, 1898
2026/09/14 16:19:36.590, 1, 17, 0, 0, 5, 8.55, 139
2026/09/14 16:19:37.622, 0, 48, 100, 6, 523, 136.49, 1898
2026/09/14 16:19:37.625, 1, 17, 0, 0, 5, 8.79, 139
2026/09/14 16:19:38.658, 0, 48, 100, 5, 523, 88.94, 1898
2026/09/14 16:19:38.660, 1, 18, 0, 0, 5, 8.79, 139
2026/09/14 16:19:39.693, 0, 48, 100, 5, 523, 115.63, 1898
2026/09/14 16:19:39.696, 1, 17, 0, 0, 5, 8.79, 139
2026/09/14 16:19:40.729, 0, 48, 100, 5, 523, 107.23, 1898
2026/09/14 16:19:40.731, 1, 17, 0, 0, 5, 9.18, 139
2026/09/14 16:19:41.765, 0, 48, 100, 5, 523, 93.60, 1898
2026/09/14 16:19:41.767, 1, 17, 0, 0, 5, 8.69, 139
2026/09/14 16:19:42.800, 0, 48, 100, 5, 523, 105.83, 1898
2026/09/14 16:19:42.803, 1, 17, 0, 0, 5, 9.03, 139
2026/09/14 16:19:43.836, 0, 48, 100, 5, 523, 102.79, 1898
2026/09/14 16:19:43.839, 1, 17, 0, 0, 5, 8.79, 139
2026/09/14 16:19:44.875, 0, 48, 100, 5, 523, 133.48, 1898
2026/09/14 16:19:44.877, 1, 17, 0, 0, 5, 8.79, 139
2026/09/14 16:19:45.910, 0, 48, 100, 5, 523, 117.81, 1898
2026/09/14 16:19:45.912, 1, 17, 0, 0, 5, 8.79, 139
2026/09/14 16:19:46.946, 0, 48, 100, 5, 523, 101.85, 1898
2026/09/14 16:19:46.952, 1, 17, 0, 0, 5, 9.13, 139
2026/09/14 16:19:47.985, 0, 48, 100, 5, 523, 82.44, 1898
2026/09/14 16:19:47.987, 1, 17, 0, 0, 5, 8.79, 139
2026/09/14 16:19:49.023, 0, 48, 100, 5, 523, 101.72, 1898
2026/09/14 16:19:49.026, 1, 17, 0, 0, 5, 8.69, 139
2026/09/14 16:19:50.059, 0, 48, 100, 5, 523, 137.50, 1898
2026/09/14 16:19:50.061, 1, 17, 0, 0, 5, 8.79, 139
2026/09/14 16:19:51.094, 0, 48, 100, 5, 523, 128.71, 1898
2026/09/14 16:19:51.096, 1, 17, 0, 0, 5, 8.55, 139
2026/09/14 16:19:52.128, 0, 48, 100, 5, 523, 121.26, 1898
2026/09/14 16:19:52.131, 1, 17, 0, 0, 5, 8.79, 139
2026/09/14 16:19:53.166, 0, 48, 100, 5, 523, 85.07, 1898
2026/09/14 16:19:53.169, 1, 17, 0, 0, 5, 8.89, 139
2026/09/14 16:19:54.203, 0, 48, 100, 5, 523, 106.46, 1898
2026/09/14 16:19:54.206, 1, 17, 0, 0, 5, 8.69, 139
2026/09/14 16:19:55.238, 0, 48, 100, 5, 523, 102.45, 1898
2026/09/14 16:19:55.241, 1, 17, 0, 0, 5, 8.79, 139
2026/09/14 16:19:56.275, 0, 48, 100, 5, 523, 130.83, 1898
2026/09/14 16:19:56.277, 1, 17, 0, 0, 5, 8.79, 139
2026/09/14 16:19:57.310, 0, 48, 100, 5, 523, 135.54, 1898
2026/09/14 16:19:57.312, 1, 17, 0, 0, 5, 8.69, 139
2026/09/14 16:19:58.350, 0, 48, 100, 5, 523, 84.45, 1898
2026/09/14 16:19:58.371, 1, 17, 0, 0, 5, 8.55, 139
2026/09/14 16:19:59.403, 0, 48, 100, 5, 523, 101.72, 1898
2026/09/14 16:19:59.406, 1, 17, 0, 0, 5, 8.79, 139
2026/09/14 16:20:00.438, 0, 48, 100, 5, 523, 122.81, 1898
2026/09/14 16:20:00.455, 1, 17, 0, 0, 5, 9.03, 139
2026/09/14 16:20:01.489, 0, 48, 100, 5, 523, 105.97, 1898
2026/09/14 16:20:01.492, 1, 17, 0, 0, 5, 8.79, 139
2026/09/14 16:20:02.525, 0, 48, 100, 5, 523, 96.70, 1898
2026/09/14 16:20:02.528, 1, 17, 0, 0, 5, 8.79, 139
2026/09/14 16:20:03.561, 0, 48, 100, 5, 523, 122.12, 1898
2026/09/14 16:20:03.567, 1, 17, 0, 0, 5, 8.89, 139
2026/09/14 16:20:04.601, 0, 48, 100, 5, 523, 94.80, 1898
2026/09/14 16:20:04.603, 1, 17, 0, 0, 5, 9.23, 139
2026/09/14 16:20:05.636, 0, 48, 100, 5, 523, 129.72, 1898
2026/09/14 16:20:05.638, 1, 17, 0, 0, 5, 8.69, 139
2026/09/14 16:20:06.673, 0, 48, 100, 5, 523, 112.11, 1898
2026/09/14 16:20:06.675, 1, 17, 0, 0, 5, 8.55, 139
2026/09/14 16:20:07.707, 0, 48, 100, 5, 523, 102.65, 1898
2026/09/14 16:20:07.710, 1, 17, 0, 0, 5, 8.79, 139
2026/09/14 16:20:08.742, 0, 48, 100, 5, 523, 83.03, 1898
2026/09/14 16:20:08.745, 1, 17, 0, 0, 5, 8.55, 139
2026/09/14 16:20:09.777, 0, 48, 100, 5, 523, 104.48, 1898
2026/09/14 16:20:09.779, 1, 17, 0, 0, 5, 8.79, 139
2026/09/14 16:20:10.811, 0, 48, 100, 5, 523, 112.94, 1898
2026/09/14 16:20:10.815, 1, 17, 0, 0, 5, 8.69, 139
2026/09/14 16:20:11.848, 0, 48, 100, 5, 523, 142.35, 1898
2026/09/14 16:20:11.850, 1, 17, 0, 0, 5, 8.69, 139
2026/09/14 16:20:12.882, 0, 48, 100, 6, 523, 140.54, 1898
2026/09/14 16:20:12.884, 1, 17, 0, 0, 5, 8.79, 139
2026/09/14 16:20:13.920, 0, 48, 100, 5, 523, 87.42, 1898
2026/09/14 16:20:13.924, 1, 17, 0, 0, 5, 8.69, 139
2026/09/14 16:20:14.957, 0, 48, 100, 5, 523, 112.39, 1898
2026/09/14 16:20:14.960, 1, 17, 0, 0, 5, 8.69, 139
2026/09/14 16:20:15.992, 0, 48, 100, 5, 523, 105.06, 1898
2026/09/14 16:20:15.994, 1, 17, 0, 0, 5, 8.89, 139
2026/09/14 16:20:17.028, 0, 48, 100, 5, 523, 103.64, 1898
2026/09/14 16:20:17.030, 1, 17, 0, 0, 5, 8.55, 139
2026/09/14 16:20:18.063, 0, 48, 100, 5, 523, 113.26, 1898
2026/09/14 16:20:18.067, 1, 17, 0, 0, 5, 9.56, 139
2026/09/14 16:20:19.104, 0, 48, 100, 5, 523, 92.95, 1898
2026/09/14 16:20:19.107, 1, 17, 0, 0, 5, 8.69, 139
2026/09/14 16:20:20.141, 0, 48, 100, 5, 523, 121.97, 1898
2026/09/14 16:20:20.143, 1, 17, 0, 0, 5, 9.23, 139
2026/09/14 16:20:21.176, 0, 48, 100, 5, 523, 110.17, 1898
2026/09/14 16:20:21.179, 1, 17, 0, 0, 5, 9.13, 139
2026/09/14 16:20:22.212, 0, 48, 100, 5, 523, 99.63, 1898
2026/09/14 16:20:22.214, 1, 17, 0, 0, 5, 8.69, 139
2026/09/14 16:20:23.247, 0, 48, 100, 5, 523, 87.84, 1898
2026/09/14 16:20:23.250, 1, 17, 0, 0, 5, 8.79, 139
2026/09/14 16:20:24.284, 0, 48, 100, 5, 523, 101.45, 1898
2026/09/14 16:20:24.287, 1, 17, 0, 0, 5, 9.13, 139
2026/09/14 16:20:25.320, 0, 48, 100, 5, 523, 139.59, 1898
2026/09/14 16:20:25.327, 1, 17, 0, 0, 5, 8.79, 139
2026/09/14 16:20:26.366, 0, 48, 100, 5, 523, 109.45, 1898
2026/09/14 16:20:26.369, 1, 17, 0, 0, 5, 9.03, 139
2026/09/14 16:20:27.403, 0, 48, 100, 5, 523, 97.06, 1898
2026/09/14 16:20:27.406, 1, 17, 0, 0, 5, 8.98, 139
2026/09/14 16:20:28.438, 0, 48, 100, 5, 523, 89.71, 1898
2026/09/14 16:20:28.441, 1, 17, 0, 0, 5, 8.45, 139
2026/09/14 16:20:29.478, 0, 48, 100, 5, 523, 101.09, 1898
2026/09/14 16:20:29.480, 1, 18, 0, 0, 5, 8.79, 139
2026/09/14 16:20:30.519, 0, 48, 100, 6, 523, 124.46, 1898
2026/09/14 16:20:30.522, 1, 17, 0, 0, 5, 8.79, 139
2026/09/14 16:20:31.555, 0, 48, 100, 5, 523, 108.25, 1898
2026/09/14 16:20:31.560, 1, 17, 0, 0, 5, 8.55, 139
2026/09/14 16:20:32.594, 0, 48, 100, 5, 523, 96.64, 1898
2026/09/14 16:20:32.596, 1, 17, 0, 0, 5, 9.03, 139
2026/09/14 16:20:33.628, 0, 48, 100, 5, 523, 93.49, 1898
2026/09/14 16:20:33.632, 1, 17, 0, 0, 5, 14.65, 139
2026/09/14 16:20:34.671, 0, 48, 100, 5, 523, 95.83, 1898
2026/09/14 16:20:34.674, 1, 17, 0, 0, 5, 9.47, 139
2026/09/14 16:20:35.707, 0, 48, 100, 6, 523, 126.10, 1898
2026/09/14 16:20:35.711, 1, 17, 0, 0, 5, 8.79, 139
2026/09/14 16:20:36.771, 0, 48, 100, 5, 523, 141.19, 1898
2026/09/14 16:20:36.774, 1, 17, 0, 0, 5, 9.03, 139
2026/09/14 16:20:37.809, 0, 48, 100, 5, 523, 110.42, 1898
2026/09/14 16:20:37.816, 1, 17, 0, 0, 5, 8.89, 139
2026/09/14 16:20:38.849, 0, 48, 100, 5, 523, 100.13, 1898
2026/09/14 16:20:38.852, 1, 17, 0, 0, 5, 8.93, 139
2026/09/14 16:20:39.884, 0, 48, 100, 5, 523, 84.24, 1898
2026/09/14 16:20:39.887, 1, 17, 0, 0, 5, 8.55, 139
2026/09/14 16:20:40.921, 0, 48, 100, 6, 523, 101.96, 1898
2026/09/14 16:20:40.923, 1, 17, 0, 0, 5, 8.69, 139
2026/09/14 16:20:41.956, 0, 48, 100, 5, 523, 131.18, 1898
2026/09/14 16:20:41.958, 1, 17, 0, 0, 5, 8.69, 139
2026/09/14 16:20:42.991, 0, 48, 100, 5, 523, 131.55, 1898
2026/09/14 16:20:42.993, 1, 17, 0, 0, 5, 9.03, 139
2026/09/14 16:20:44.028, 0, 48, 100, 5, 523, 116.75, 1898
2026/09/14 16:20:44.031, 1, 17, 0, 0, 5, 9.03, 139
2026/09/14 16:20:45.065, 0, 48, 100, 5, 523, 84.73, 1898
2026/09/14 16:20:45.068, 1, 17, 0, 0, 5, 8.79, 139
2026/09/14 16:20:46.099, 0, 48, 100, 6, 523, 108.15, 1898
2026/09/14 16:20:46.102, 1, 17, 0, 0, 5, 8.79, 139
2026/09/14 16:20:47.136, 0, 48, 100, 5, 523, 102.30, 1898
2026/09/14 16:20:47.139, 1, 17, 0, 0, 5, 8.79, 139
2026/09/14 16:20:48.171, 0, 48, 100, 5, 523, 125.89, 1898
2026/09/14 16:20:48.174, 1, 17, 0, 0, 5, 9.66, 139
2026/09/14 16:20:49.206, 0, 48, 100, 5, 523, 131.10, 1898
2026/09/14 16:20:49.209, 1, 17, 0, 0, 5, 9.23, 139
2026/09/14 16:20:50.242, 0, 48, 100, 5, 523, 93.49, 1898
2026/09/14 16:20:50.244, 1, 17, 0, 0, 5, 8.79, 139
2026/09/14 16:20:51.276, 0, 48, 100, 5, 523, 127.21, 1898
2026/09/14 16:20:51.279, 1, 17, 0, 0, 5, 8.79, 139
2026/09/14 16:20:52.311, 0, 48, 100, 5, 523, 113.86, 1898
2026/09/14 16:20:52.313, 1, 17, 0, 0, 5, 9.32, 139
2026/09/14 16:20:53.367, 0, 48, 100, 5, 523, 138.93, 1898
2026/09/14 16:20:53.370, 1, 17, 0, 0, 5, 8.55, 139
2026/09/14 16:20:54.407, 0, 48, 100, 5, 523, 114.11, 1898
2026/09/14 16:20:54.411, 1, 17, 0, 0, 5, 8.79, 139
2026/09/14 16:20:55.444, 0, 48, 100, 5, 523, 85.05, 1898
2026/09/14 16:20:55.446, 1, 17, 0, 0, 5, 8.69, 139
2026/09/14 16:20:56.479, 0, 48, 100, 5, 523, 108.39, 1898
2026/09/14 16:20:56.482, 1, 17, 0, 0, 5, 8.89, 139
2026/09/14 16:20:57.516, 0, 48, 100, 5, 523, 102.30, 1898
2026/09/14 16:20:57.519, 1, 17, 0, 0, 5, 8.55, 139
2026/09/14 16:20:58.552, 0, 48, 100, 5, 523, 132.17, 1898
2026/09/14 16:20:58.555, 1, 17, 0, 0, 5, 8.79, 139
2026/09/14 16:20:59.587, 0, 48, 100, 5, 523, 134.84, 1898
2026/09/14 16:20:59.590, 1, 17, 0, 0, 5, 8.93, 139
2026/09/14 16:21:00.624, 0, 48, 100, 5, 523, 91.22, 1898
2026/09/14 16:21:00.627, 1, 17, 0, 0, 5, 8.79, 139
2026/09/14 16:21:01.660, 0, 48, 100, 5, 523, 114.67, 1898
2026/09/14 16:21:01.666, 1, 17, 0, 0, 5, 14.65, 139
2026/09/14 16:21:02.706, 0, 48, 100, 5, 523, 102.21, 1898
2026/09/14 16:21:02.709, 1, 17, 0, 0, 5, 9.23, 139
2026/09/14 16:21:03.744, 0, 48, 100, 5, 523, 98.03, 1898
2026/09/14 16:21:03.746, 1, 17, 0, 0, 5, 8.78, 139
2026/09/14 16:21:04.779, 0, 48, 100, 5, 523, 139.62, 1898
2026/09/14 16:21:04.781, 1, 17, 0, 0, 5, 8.79, 139
2026/09/14 16:21:05.815, 0, 48, 100, 5, 523, 89.86, 1898
2026/09/14 16:21:05.818, 1, 17, 0, 0, 5, 8.89, 139
2026/09/14 16:21:06.850, 0, 48, 100, 6, 523, 117.66, 1898
2026/09/14 16:21:06.853, 1, 17, 0, 0, 5, 8.79, 139
2026/09/14 16:21:08.337, 0, 48, 100, 5, 523, 115.63, 1898
2026/09/14 16:21:08.340, 1, 17, 0, 0, 5, 9.03, 139
2026/09/14 16:21:09.376, 0, 48, 100, 5, 523, 96.89, 1898
2026/09/14 16:21:09.385, 1, 17, 0, 0, 5, 8.45, 139
2026/09/14 16:21:10.417, 0, 48, 100, 5, 523, 109.40, 1898
2026/09/14 16:21:10.420, 1, 17, 0, 0, 5, 9.12, 139
2026/09/14 16:21:11.453, 0, 48, 100, 5, 523, 101.72, 1898
2026/09/14 16:21:11.456, 1, 17, 0, 0, 5, 8.89, 139
2026/09/14 16:21:12.490, 0, 48, 100, 5, 523, 135.44, 1898
2026/09/14 16:21:12.492, 1, 17, 0, 0, 5, 8.79, 139
2026/09/14 16:21:13.525, 0, 48, 100, 5, 523, 118.16, 1898
2026/09/14 16:21:13.527, 1, 17, 0, 0, 5, 8.69, 139
2026/09/14 16:21:14.561, 0, 48, 100, 5, 523, 106.55, 1898
2026/09/14 16:21:14.564, 1, 17, 0, 0, 5, 8.79, 139
2026/09/14 16:21:15.597, 0, 48, 100, 5, 523, 83.56, 1898
2026/09/14 16:21:15.599, 1, 17, 0, 0, 5, 8.69, 139
2026/09/14 16:21:16.632, 0, 48, 100, 5, 523, 104.69, 1898
2026/09/14 16:21:16.635, 1, 17, 0, 0, 5, 9.13, 139
2026/09/14 16:21:17.667, 0, 48, 100, 5, 523, 110.63, 1898
2026/09/14 16:21:17.670, 1, 17, 0, 0, 5, 8.55, 139
2026/09/14 16:21:18.706, 0, 48, 100, 5, 523, 128.03, 1898
2026/09/14 16:21:18.713, 1, 17, 0, 0, 5, 9.22, 139
2026/09/14 16:21:19.746, 0, 48, 100, 6, 523, 114.94, 1898
2026/09/14 16:21:19.748, 1, 17, 0, 0, 5, 9.03, 139
2026/09/14 16:21:20.781, 0, 48, 100, 5, 523, 85.55, 1898
2026/09/14 16:21:20.783, 1, 17, 0, 0, 5, 8.79, 139
2026/09/14 16:21:21.816, 0, 48, 100, 5, 523, 107.18, 1898
2026/09/14 16:21:21.820, 1, 17, 0, 0, 5, 9.03, 139
2026/09/14 16:21:22.852, 0, 48, 100, 5, 523, 102.54, 1898
2026/09/14 16:21:22.855, 1, 17, 0, 0, 5, 8.89, 139
2026/09/14 16:21:23.887, 0, 48, 100, 5, 523, 119.40, 1898
2026/09/14 16:21:23.889, 1, 17, 0, 0, 5, 8.69, 139
2026/09/14 16:21:24.921, 0, 48, 100, 5, 523, 138.22, 1898
2026/09/14 16:21:24.928, 1, 17, 0, 0, 5, 8.69, 139
2026/09/14 16:21:25.961, 0, 48, 100, 5, 523, 90.92, 1898
2026/09/14 16:21:25.964, 1, 17, 0, 0, 5, 8.69, 139
2026/09/14 16:21:26.996, 0, 48, 100, 5, 523, 121.34, 1898
2026/09/14 16:21:26.999, 1, 17, 0, 0, 5, 8.89, 139
2026/09/14 16:21:28.031, 0, 48, 100, 5, 523, 109.94, 1898
2026/09/14 16:21:28.034, 1, 17, 0, 0, 5, 9.03, 139
2026/09/14 16:21:29.068, 0, 48, 100, 5, 523, 97.93, 1898
2026/09/14 16:21:29.070, 1, 17, 0, 0, 5, 8.89, 139
2026/09/14 16:21:30.102, 0, 48, 100, 5, 523, 128.71, 1898
2026/09/14 16:21:30.114, 1, 17, 0, 0, 5, 8.55, 139
2026/09/14 16:21:31.149, 0, 48, 100, 5, 523, 93.89, 1898
2026/09/14 16:21:31.151, 1, 17, 0, 0, 5, 8.69, 139
2026/09/14 16:21:32.183, 0, 48, 100, 5, 523, 126.73, 1898
2026/09/14 16:21:32.186, 1, 17, 0, 0, 5, 8.79, 139
2026/09/14 16:21:33.219, 0, 48, 100, 5, 523, 108.87, 1898
2026/09/14 16:21:33.225, 1, 17, 0, 0, 5, 9.47, 139
2026/09/14 16:21:34.258, 0, 48, 100, 5, 523, 98.00, 1898
2026/09/14 16:21:34.260, 1, 17, 0, 0, 5, 8.98, 139
2026/09/14 16:21:35.294, 0, 48, 100, 5, 523, 90.43, 1898
2026/09/14 16:21:35.296, 1, 17, 0, 0, 5, 8.79, 139
2026/09/14 16:21:36.333, 0, 48, 100, 5, 523, 102.25, 1898
2026/09/14 16:21:36.335, 1, 17, 0, 0, 5, 8.55, 139
2026/09/14 16:21:37.372, 0, 48, 100, 5, 523, 118.87, 1898
2026/09/14 16:21:37.383, 1, 17, 0, 0, 5, 8.45, 139
2026/09/14 16:21:38.414, 0, 48, 100, 5, 523, 107.28, 1898
2026/09/14 16:21:38.417, 1, 17, 0, 0, 5, 8.69, 139
2026/09/14 16:21:39.451, 0, 48, 100, 5, 523, 93.98, 1898
2026/09/14 16:21:39.453, 1, 17, 0, 0, 5, 9.13, 139
2026/09/14 16:21:40.486, 0, 48, 100, 5, 523, 103.77, 1898
2026/09/14 16:21:40.489, 1, 17, 0, 0, 5, 8.89, 139
2026/09/14 16:21:41.522, 0, 48, 100, 5, 523, 100.64, 1898
2026/09/14 16:21:41.526, 1, 17, 0, 0, 5, 8.79, 139
2026/09/14 16:21:42.558, 0, 48, 100, 6, 523, 131.33, 1898
2026/09/14 16:21:42.563, 1, 17, 0, 0, 5, 8.79, 139
2026/09/14 16:21:43.597, 0, 48, 100, 5, 523, 114.87, 1898
2026/09/14 16:21:43.600, 1, 17, 0, 0, 5, 8.79, 139
2026/09/14 16:21:44.632, 0, 48, 100, 5, 523, 103.51, 1898
2026/09/14 16:21:44.636, 1, 17, 0, 0, 5, 8.94, 139
2026/09/14 16:21:45.668, 0, 48, 100, 5, 523, 83.03, 1898
2026/09/14 16:21:45.671, 1, 17, 0, 0, 5, 8.89, 139
2026/09/14 16:21:46.706, 0, 48, 100, 5, 523, 104.29, 1898
2026/09/14 16:21:46.712, 1, 17, 0, 0, 5, 8.55, 139
2026/09/14 16:21:47.744, 0, 48, 100, 6, 523, 143.14, 1898
2026/09/14 16:21:47.748, 1, 17, 0, 0, 5, 9.03, 139
2026/09/14 16:21:48.781, 0, 48, 100, 5, 523, 122.16, 1898
2026/09/14 16:21:48.783, 1, 17, 0, 0, 5, 8.55, 139
2026/09/14 16:21:49.820, 0, 48, 100, 5, 523, 104.78, 1898
2026/09/14 16:21:49.823, 1, 17, 0, 0, 5, 8.79, 139
2026/09/14 16:21:50.856, 0, 48, 100, 5, 523, 82.54, 1898
2026/09/14 16:21:50.861, 1, 17, 0, 0, 5, 8.89, 139
2026/09/14 16:21:51.896, 0, 48, 100, 5, 523, 103.28, 1898
2026/09/14 16:21:51.902, 1, 17, 0, 0, 5, 8.89, 139
2026/09/14 16:21:52.935, 0, 48, 100, 6, 523, 124.70, 1898
2026/09/14 16:21:52.945, 1, 17, 0, 0, 5, 8.79, 139
2026/09/14 16:21:53.981, 0, 48, 100, 5, 523, 105.97, 1898
2026/09/14 16:21:53.987, 1, 17, 0, 0, 5, 8.89, 139
2026/09/14 16:21:55.021, 0, 48, 100, 5, 523, 107.44, 1898
2026/09/14 16:21:55.024, 1, 17, 0, 0, 5, 8.69, 139
2026/09/14 16:21:56.056, 0, 48, 100, 5, 523, 115.63, 1898
2026/09/14 16:21:56.059, 1, 17, 0, 0, 5, 9.66, 139
2026/09/14 16:21:57.094, 0, 48, 100, 5, 523, 96.11, 1898
2026/09/14 16:21:57.097, 1, 17, 0, 0, 5, 8.89, 139
2026/09/14 16:21:58.130, 0, 48, 100, 5, 523, 124.56, 1898
2026/09/14 16:21:58.134, 1, 17, 0, 0, 5, 8.55, 139
2026/09/14 16:21:59.169, 0, 48, 100, 5, 523, 110.28, 1898
2026/09/14 16:21:59.171, 1, 17, 0, 0, 5, 8.79, 139
2026/09/14 16:22:00.204, 0, 48, 100, 5, 523, 98.87, 1898
2026/09/14 16:22:00.207, 1, 17, 0, 0, 5, 8.79, 139
2026/09/14 16:22:01.241, 0, 48, 100, 5, 523, 87.68, 1898
2026/09/14 16:22:01.243, 1, 17, 0, 0, 5, 8.79, 139
2026/09/14 16:22:02.276, 0, 48, 100, 5, 523, 102.41, 1898
2026/09/14 16:22:02.279, 1, 17, 0, 0, 5, 9.13, 139
2026/09/14 16:22:03.312, 0, 48, 100, 5, 523, 135.81, 1898
2026/09/14 16:22:03.314, 1, 17, 0, 0, 5, 8.79, 139
2026/09/14 16:22:04.346, 0, 48, 100, 5, 523, 131.91, 1898
2026/09/14 16:22:04.349, 1, 17, 0, 0, 5, 8.79, 139
2026/09/14 16:22:05.394, 0, 48, 100, 5, 523, 97.35, 1898
2026/09/14 16:22:05.398, 1, 17, 0, 0, 5, 9.12, 139
2026/09/14 16:22:06.431, 0, 48, 100, 5, 523, 89.23, 1898
2026/09/14 16:22:06.433, 1, 17, 0, 0, 5, 8.89, 139
2026/09/14 16:22:07.468, 0, 48, 100, 5, 523, 104.46, 1898
2026/09/14 16:22:07.470, 1, 17, 0, 0, 5, 9.27, 139
2026/09/14 16:22:08.503, 0, 48, 100, 5, 523, 144.29, 1898
2026/09/14 16:22:08.506, 1, 17, 0, 0, 5, 8.55, 139
2026/09/14 16:22:09.538, 0, 48, 100, 5, 523, 124.10, 1898
2026/09/14 16:22:09.541, 1, 17, 0, 0, 5, 8.79, 139
2026/09/14 16:22:10.573, 0, 48, 100, 5, 523, 115.37, 1898
2026/09/14 16:22:10.576, 1, 17, 0, 0, 5, 8.78, 139
2026/09/14 16:22:11.611, 0, 48, 100, 5, 523, 84.24, 1898
2026/09/14 16:22:11.613, 1, 17, 0, 0, 5, 8.69, 139
2026/09/14 16:22:12.646, 0, 48, 100, 5, 523, 105.64, 1898
2026/09/14 16:22:12.649, 1, 17, 0, 0, 5, 8.79, 139
2026/09/14 16:22:13.681, 0, 48, 100, 6, 523, 102.21, 1898
2026/09/14 16:22:13.683, 1, 17, 0, 0, 5, 9.03, 139
2026/09/14 16:22:14.718, 0, 48, 100, 5, 523, 134.12, 1898
2026/09/14 16:22:14.720, 1, 17, 0, 0, 5, 8.79, 139
2026/09/14 16:22:15.755, 0, 48, 100, 5, 523, 135.45, 1898
2026/09/14 16:22:15.759, 1, 17, 0, 0, 5, 14.65, 139
2026/09/14 16:22:16.811, 0, 48, 100, 5, 523, 93.54, 1898
2026/09/14 16:22:16.813, 1, 17, 0, 0, 5, 9.47, 139
2026/09/14 16:22:17.847, 0, 48, 100, 5, 523, 99.69, 1898
2026/09/14 16:22:17.852, 1, 17, 0, 0, 5, 8.79, 139
2026/09/14 16:22:18.884, 0, 48, 100, 5, 523, 142.99, 1898
2026/09/14 16:22:18.886, 1, 17, 0, 0, 5, 9.23, 139
2026/09/14 16:22:19.919, 0, 48, 100, 5, 523, 122.22, 1898
2026/09/14 16:22:19.922, 1, 17, 0, 0, 5, 9.37, 139
2026/09/14 16:22:20.956, 0, 48, 100, 5, 523, 108.82, 1898
2026/09/14 16:22:20.958, 1, 17, 0, 0, 5, 8.55, 139
2026/09/14 16:22:21.991, 0, 48, 100, 5, 523, 84.28, 1898
2026/09/14 16:22:21.994, 1, 17, 0, 0, 5, 8.89, 139
2026/09/14 16:22:23.026, 0, 48, 100, 5, 523, 106.12, 1898
2026/09/14 16:22:23.029, 1, 17, 0, 0, 5, 8.55, 139
2026/09/14 16:22:24.061, 0, 48, 100, 5, 523, 101.96, 1898
2026/09/14 16:22:24.063, 1, 17, 0, 0, 5, 8.55, 139
2026/09/14 16:22:25.096, 0, 48, 100, 5, 523, 129.60, 1898
2026/09/14 16:22:25.099, 1, 17, 0, 0, 5, 8.89, 139
2026/09/14 16:22:26.131, 0, 48, 100, 5, 523, 134.09, 1898
2026/09/14 16:22:26.134, 1, 17, 0, 0, 5, 8.79, 139
2026/09/14 16:22:27.167, 0, 48, 100, 5, 523, 93.01, 1898
2026/09/14 16:22:27.170, 1, 17, 0, 0, 5, 8.89, 139
2026/09/14 16:22:28.202, 0, 48, 100, 5, 523, 123.76, 1898
2026/09/14 16:22:28.205, 1, 17, 0, 0, 5, 8.78, 139
2026/09/14 16:22:29.237, 0, 48, 100, 5, 523, 112.19, 1898
2026/09/14 16:22:29.240, 1, 17, 0, 0, 5, 8.55, 139
2026/09/14 16:22:30.273, 0, 48, 100, 6, 523, 101.14, 1898
2026/09/14 16:22:30.276, 1, 17, 0, 0, 5, 8.69, 139
2026/09/14 16:22:31.308, 0, 48, 100, 5, 523, 82.54, 1898
2026/09/14 16:22:31.310, 1, 17, 0, 0, 5, 9.03, 139
2026/09/14 16:22:32.346, 0, 48, 100, 5, 523, 102.80, 1898
2026/09/14 16:22:32.351, 1, 17, 0, 0, 5, 8.79, 139
2026/09/14 16:22:33.382, 0, 48, 100, 5, 523, 136.77, 1898
2026/09/14 16:22:33.385, 1, 17, 0, 0, 5, 8.79, 139
2026/09/14 16:22:34.416, 0, 48, 100, 5, 523, 123.61, 1898
2026/09/14 16:22:34.422, 1, 17, 0, 0, 5, 8.79, 139
2026/09/14 16:22:35.454, 0, 48, 100, 6, 523, 112.11, 1898
2026/09/14 16:22:35.458, 1, 17, 0, 0, 5, 8.79, 139
2026/09/14 16:22:36.493, 0, 48, 100, 5, 523, 83.75, 1898
2026/09/14 16:22:36.495, 1, 17, 0, 0, 5, 8.79, 139
2026/09/14 16:22:37.528, 0, 48, 100, 5, 523, 105.73, 1898
2026/09/14 16:22:37.531, 1, 17, 0, 0, 5, 9.03, 139
2026/09/14 16:22:38.564, 0, 48, 100, 5, 523, 104.38, 1898
2026/09/14 16:22:38.567, 1, 17, 0, 0, 5, 8.79, 139
2026/09/14 16:22:39.599, 0, 48, 100, 5, 523, 134.87, 1898
2026/09/14 16:22:39.602, 1, 17, 0, 0, 5, 8.79, 139
2026/09/14 16:22:40.636, 0, 48, 100, 6, 523, 138.70, 1898
2026/09/14 16:22:40.639, 1, 17, 0, 0, 5, 8.69, 139
2026/09/14 16:22:41.671, 0, 48, 100, 5, 523, 89.71, 1898
2026/09/14 16:22:41.674, 1, 17, 0, 0, 5, 8.60, 139
2026/09/14 16:22:42.707, 0, 48, 100, 5, 523, 113.66, 1898
2026/09/14 16:22:42.712, 1, 17, 0, 0, 5, 8.89, 139
2026/09/14 16:22:43.744, 0, 48, 100, 5, 523, 106.74, 1898
2026/09/14 16:22:43.747, 1, 17, 0, 0, 5, 8.79, 139
2026/09/14 16:22:44.779, 0, 48, 100, 5, 523, 94.09, 1898
2026/09/14 16:22:44.782, 1, 17, 0, 0, 5, 8.79, 139
2026/09/14 16:22:45.815, 0, 48, 100, 5, 523, 118.46, 1898
2026/09/14 16:22:45.820, 1, 17, 0, 0, 5, 9.56, 139
2026/09/14 16:22:46.854, 0, 48, 100, 5, 523, 96.89, 1898
2026/09/14 16:22:46.857, 1, 17, 0, 0, 5, 8.89, 139
2026/09/14 16:22:47.893, 0, 48, 100, 5, 523, 124.48, 1898
2026/09/14 16:22:47.896, 1, 17, 0, 0, 5, 8.69, 139
2026/09/14 16:22:48.928, 0, 48, 100, 5, 523, 112.35, 1898
2026/09/14 16:22:48.930, 1, 17, 0, 0, 5, 9.03, 139
2026/09/14 16:22:49.963, 0, 48, 100, 5, 523, 98.80, 1898
2026/09/14 16:22:49.969, 1, 17, 0, 0, 5, 8.79, 139
2026/09/14 16:22:51.002, 0, 48, 100, 5, 523, 89.20, 1898
2026/09/14 16:22:51.004, 1, 17, 0, 0, 5, 8.79, 139
2026/09/14 16:22:52.038, 0, 48, 100, 5, 523, 103.36, 1898
2026/09/14 16:22:52.041, 1, 17, 0, 0, 5, 8.55, 139
2026/09/14 16:22:53.074, 0, 48, 100, 5, 523, 140.27, 1898
2026/09/14 16:22:53.077, 1, 17, 0, 0, 5, 9.03, 139
2026/09/14 16:22:54.110, 0, 48, 100, 5, 523, 124.17, 1898
2026/09/14 16:22:54.113, 1, 17, 0, 0, 5, 9.03, 139
2026/09/14 16:22:55.146, 0, 48, 100, 5, 523, 114.20, 1898
2026/09/14 16:22:55.149, 1, 17, 0, 0, 5, 8.89, 139
2026/09/14 16:22:56.183, 0, 48, 100, 5, 523, 84.34, 1898
2026/09/14 16:22:56.185, 1, 17, 0, 0, 5, 8.79, 139
2026/09/14 16:22:57.218, 0, 48, 100, 5, 523, 106.70, 1898
2026/09/14 16:22:57.220, 1, 17, 0, 0, 5, 8.79, 139
2026/09/14 16:22:58.253, 0, 48, 100, 5, 523, 102.21, 1898
2026/09/14 16:22:58.256, 1, 17, 0, 0, 5, 8.60, 139
2026/09/14 16:22:59.289, 0, 48, 100, 5, 523, 131.06, 1898
2026/09/14 16:22:59.291, 1, 17, 0, 0, 5, 8.79, 139
2026/09/14 16:23:00.324, 0, 47, 100, 5, 523, 136.43, 1898
2026/09/14 16:23:00.327, 1, 17, 0, 0, 5, 8.98, 139
2026/09/14 16:23:01.362, 0, 48, 100, 5, 523, 90.06, 1898
2026/09/14 16:23:01.365, 1, 17, 0, 0, 5, 8.64, 139
2026/09/14 16:23:02.406, 0, 48, 100, 5, 523, 108.49, 1898
2026/09/14 16:23:02.408, 1, 17, 0, 0, 5, 8.55, 139
2026/09/14 16:23:03.439, 0, 47, 100, 6, 523, 104.24, 1898
2026/09/14 16:23:03.441, 1, 17, 0, 0, 5, 8.89, 139
2026/09/14 16:23:04.475, 0, 47, 100, 5, 523, 129.35, 1898
2026/09/14 16:23:04.481, 1, 17, 0, 0, 5, 8.79, 139
2026/09/14 16:23:05.518, 0, 48, 100, 5, 523, 130.04, 1898
2026/09/14 16:23:05.524, 1, 17, 0, 0, 5, 9.03, 139
2026/09/14 16:23:06.557, 0, 48, 100, 5, 523, 87.19, 1898
2026/09/14 16:23:06.559, 1, 17, 0, 0, 5, 8.69, 139
2026/09/14 16:23:07.592, 0, 48, 100, 5, 523, 111.39, 1898
2026/09/14 16:23:07.595, 1, 17, 0, 0, 5, 8.79, 139
2026/09/14 16:23:08.628, 0, 48, 100, 6, 523, 104.00, 1898
2026/09/14 16:23:08.632, 1, 17, 0, 0, 5, 9.03, 139
2026/09/14 16:23:09.664, 0, 48, 100, 5, 523, 111.36, 1898
2026/09/14 16:23:09.667, 1, 17, 0, 0, 5, 8.79, 139
2026/09/14 16:23:10.702, 0, 48, 100, 5, 523, 127.58, 1898
2026/09/14 16:23:10.704, 1, 17, 0, 0, 5, 8.69, 139
2026/09/14 16:23:11.740, 0, 48, 100, 5, 523, 91.60, 1898
2026/09/14 16:23:11.743, 1, 17, 0, 0, 5, 9.37, 139
2026/09/14 16:23:12.809, 0, 48, 100, 5, 523, 92.12, 1898
2026/09/14 16:23:12.811, 1, 17, 0, 0, 5, 8.79, 139
2026/09/14 16:23:13.844, 0, 48, 100, 6, 523, 121.29, 1898
2026/09/14 16:23:13.847, 1, 17, 0, 0, 5, 14.55, 139
2026/09/14 16:23:14.891, 0, 48, 100, 5, 523, 101.72, 1898
2026/09/14 16:23:14.895, 1, 17, 0, 0, 5, 8.89, 139
2026/09/14 16:23:15.927, 0, 48, 100, 5, 523, 131.83, 1898
2026/09/14 16:23:15.930, 1, 17, 0, 0, 5, 8.89, 139
2026/09/14 16:23:16.963, 0, 48, 100, 5, 523, 139.68, 1898
2026/09/14 16:23:16.968, 1, 17, 0, 0, 5, 8.69, 139
2026/09/14 16:23:18.002, 0, 48, 100, 5, 523, 89.13, 1898
2026/09/14 16:23:18.004, 1, 17, 0, 0, 5, 8.69, 139
2026/09/14 16:23:19.037, 0, 48, 100, 6, 523, 114.63, 1898
2026/09/14 16:23:19.041, 1, 17, 0, 0, 5, 8.55, 139
2026/09/14 16:23:20.073, 0, 48, 100, 5, 523, 106.46, 1898
2026/09/14 16:23:20.076, 1, 17, 0, 0, 5, 8.55, 139
2026/09/14 16:23:21.108, 0, 48, 100, 5, 523, 95.82, 1898
2026/09/14 16:23:21.110, 1, 17, 0, 0, 5, 8.69, 139
2026/09/14 16:23:22.144, 0, 48, 100, 5, 523, 107.62, 1898
2026/09/14 16:23:22.148, 1, 17, 0, 0, 5, 9.13, 139
2026/09/14 16:23:23.181, 0, 48, 100, 5, 523, 100.64, 1898
2026/09/14 16:23:23.184, 1, 17, 0, 0, 5, 8.79, 139
2026/09/14 16:23:24.215, 0, 48, 100, 5, 523, 142.20, 1898
2026/09/14 16:23:24.218, 1, 17, 0, 0, 5, 8.69, 139
2026/09/14 16:23:25.252, 0, 47, 100, 5, 523, 118.97, 1898
2026/09/14 16:23:25.254, 1, 17, 0, 0, 5, 9.18, 139
2026/09/14 16:23:26.288, 0, 47, 100, 5, 523, 107.91, 1898
2026/09/14 16:23:26.290, 1, 17, 0, 0, 5, 8.54, 139
2026/09/14 16:23:27.326, 0, 48, 100, 6, 523, 86.65, 1898
2026/09/14 16:23:27.333, 1, 17, 0, 0, 5, 8.89, 139
2026/09/14 16:23:28.367, 0, 48, 100, 5, 523, 104.47, 1898
2026/09/14 16:23:28.370, 1, 17, 0, 0, 5, 9.47, 139
2026/09/14 16:23:29.401, 0, 47, 100, 5, 523, 142.15, 1898
2026/09/14 16:23:29.406, 1, 17, 0, 0, 5, 8.79, 139
2026/09/14 16:23:30.439, 0, 47, 100, 5, 523, 120.38, 1898
2026/09/14 16:23:30.443, 1, 17, 0, 0, 5, 8.78, 139
2026/09/14 16:23:31.482, 0, 48, 100, 5, 523, 98.08, 1898
2026/09/14 16:23:31.488, 1, 17, 0, 0, 5, 8.79, 139
2026/09/14 16:23:32.520, 0, 48, 100, 5, 523, 88.46, 1898
2026/09/14 16:23:32.523, 1, 17, 0, 0, 5, 8.45, 139
2026/09/14 16:23:33.557, 0, 48, 99, 5, 523, 108.63, 1898
2026/09/14 16:23:33.559, 1, 17, 0, 0, 5, 8.89, 139
2026/09/14 16:23:34.593, 0, 48, 100, 5, 523, 83.51, 1898
2026/09/14 16:23:34.596, 1, 17, 0, 0, 5, 8.79, 139
2026/09/14 16:23:35.628, 0, 48, 100, 5, 523, 105.68, 1898
2026/09/14 16:23:35.631, 1, 17, 0, 0, 5, 8.69, 139
2026/09/14 16:23:36.663, 0, 48, 100, 5, 523, 101.72, 1898
2026/09/14 16:23:36.666, 1, 17, 0, 0, 5, 8.79, 139
2026/09/14 16:23:37.698, 0, 48, 100, 5, 523, 136.59, 1898
2026/09/14 16:23:37.704, 1, 17, 0, 0, 5, 8.69, 139
2026/09/14 16:23:38.739, 0, 48, 100, 5, 523, 121.98, 1898
2026/09/14 16:23:38.746, 1, 17, 0, 0, 5, 9.13, 139
2026/09/14 16:23:39.782, 0, 48, 100, 5, 523, 83.79, 1898
2026/09/14 16:23:39.788, 1, 17, 0, 0, 5, 8.79, 139
2026/09/14 16:23:40.821, 0, 48, 100, 5, 523, 105.19, 1898
2026/09/14 16:23:40.824, 1, 17, 0, 0, 5, 8.69, 139
2026/09/14 16:23:41.857, 0, 48, 100, 5, 523, 102.21, 1898
2026/09/14 16:23:41.860, 1, 17, 0, 0, 5, 8.69, 139
2026/09/14 16:23:42.893, 0, 48, 100, 5, 523, 131.15, 1898
2026/09/14 16:23:42.895, 1, 17, 0, 0, 5, 9.76, 139
2026/09/14 16:23:44.054, 0, 48, 100, 5, 523, 86.61, 1898
2026/09/14 16:23:44.058, 1, 17, 0, 0, 5, 8.79, 139
2026/09/14 16:23:45.094, 0, 48, 100, 5, 523, 106.46, 1898
2026/09/14 16:23:45.099, 1, 17, 0, 0, 5, 8.79, 139
2026/09/14 16:23:46.136, 0, 48, 100, 5, 523, 127.98, 1898
2026/09/14 16:23:46.142, 1, 17, 0, 0, 5, 8.89, 139
2026/09/14 16:23:47.176, 0, 48, 100, 5, 523, 131.68, 1898
2026/09/14 16:23:47.179, 1, 17, 0, 0, 5, 9.13, 139
2026/09/14 16:23:48.214, 0, 48, 100, 5, 523, 117.86, 1898
2026/09/14 16:23:48.217, 1, 17, 0, 0, 5, 8.79, 139
2026/09/14 16:23:49.250, 0, 48, 100, 5, 523, 85.79, 1898
2026/09/14 16:23:49.253, 1, 17, 0, 0, 5, 8.79, 139
2026/09/14 16:23:50.285, 0, 48, 100, 5, 523, 107.67, 1898
2026/09/14 16:23:50.291, 1, 17, 0, 0, 5, 8.79, 139
2026/09/14 16:23:51.327, 0, 48, 100, 5, 523, 125.60, 1898
2026/09/14 16:23:51.339, 1, 17, 0, 0, 5, 8.54, 139
2026/09/14 16:23:52.371, 0, 48, 100, 5, 523, 122.53, 1898
2026/09/14 16:23:52.376, 1, 17, 0, 0, 5, 9.66, 139
2026/09/14 16:23:53.413, 0, 48, 100, 5, 523, 102.17, 1898
2026/09/14 16:23:53.420, 1, 17, 0, 0, 5, 8.79, 139
2026/09/14 16:23:54.452, 0, 48, 100, 5, 523, 82.54, 1898
2026/09/14 16:23:54.455, 1, 17, 0, 0, 5, 8.55, 139
2026/09/14 16:23:55.489, 0, 48, 100, 5, 523, 102.69, 1898
2026/09/14 16:23:55.492, 1, 17, 0, 0, 5, 8.69, 139
2026/09/14 16:23:56.538, 0, 48, 100, 5, 523, 126.01, 1898
2026/09/14 16:23:56.541, 1, 17, 0, 0, 5, 8.69, 139
2026/09/14 16:23:57.574, 0, 48, 100, 5, 523, 109.70, 1898
2026/09/14 16:23:57.579, 1, 17, 0, 0, 5, 8.89, 139
2026/09/14 16:23:58.613, 0, 48, 100, 5, 523, 97.93, 1898
2026/09/14 16:23:58.616, 1, 17, 0, 0, 5, 8.79, 139
2026/09/14 16:23:59.647, 0, 48, 100, 5, 523, 129.53, 1898
2026/09/14 16:23:59.660, 1, 17, 0, 0, 5, 9.13, 139
2026/09/14 16:24:00.694, 0, 48, 100, 5, 523, 93.74, 1898
2026/09/14 16:24:00.697, 1, 17, 0, 0, 5, 8.79, 139
2026/09/14 16:24:01.733, 0, 48, 100, 5, 523, 121.10, 1898
2026/09/14 16:24:01.735, 1, 17, 0, 0, 5, 8.79, 139
2026/09/14 16:24:02.767, 0, 48, 100, 5, 523, 110.66, 1898
2026/09/14 16:24:02.770, 1, 17, 0, 0, 5, 9.13, 139
2026/09/14 16:24:03.802, 0, 48, 100, 5, 523, 97.85, 1898
2026/09/14 16:24:03.808, 1, 17, 0, 0, 5, 8.89, 139
2026/09/14 16:24:04.841, 0, 48, 100, 5, 523, 84.47, 1898
2026/09/14 16:24:04.843, 1, 17, 0, 0, 5, 8.79, 139
2026/09/14 16:24:05.877, 0, 48, 100, 5, 523, 101.72, 1898
2026/09/14 16:24:05.880, 1, 17, 0, 0, 5, 8.69, 139
2026/09/14 16:24:06.914, 0, 48, 100, 5, 523, 137.76, 1898
2026/09/14 16:24:06.917, 1, 17, 0, 0, 5, 14.65, 139
2026/09/14 16:24:07.963, 0, 48, 100, 5, 523, 108.02, 1898
2026/09/14 16:24:07.966, 1, 17, 0, 0, 5, 9.23, 139
2026/09/14 16:24:09.002, 0, 48, 100, 5, 523, 93.12, 1898
2026/09/14 16:24:09.004, 1, 17, 0, 0, 5, 9.03, 139
2026/09/14 16:24:10.036, 0, 48, 100, 5, 523, 115.73, 1898
2026/09/14 16:24:10.042, 1, 17, 0, 0, 5, 8.69, 139
2026/09/14 16:24:11.076, 0, 48, 100, 5, 523, 97.64, 1898
2026/09/14 16:24:11.079, 1, 17, 0, 0, 5, 8.69, 139
2026/09/14 16:24:12.111, 0, 48, 100, 5, 523, 139.40, 1898
2026/09/14 16:24:12.114, 1, 17, 0, 0, 5, 8.69, 139
2026/09/14 16:24:13.147, 0, 48, 100, 5, 523, 122.35, 1898
2026/09/14 16:24:13.149, 1, 17, 0, 0, 5, 8.79, 139
2026/09/14 16:24:14.189, 0, 48, 100, 5, 523, 102.33, 1898
2026/09/14 16:24:14.192, 1, 17, 0, 0, 5, 9.42, 139
2026/09/14 16:24:15.225, 0, 48, 100, 5, 523, 84.71, 1898
2026/09/14 16:24:15.229, 1, 17, 0, 0, 5, 8.89, 139
2026/09/14 16:24:16.262, 0, 48, 100, 5, 523, 102.21, 1898
2026/09/14 16:24:16.265, 1, 17, 0, 0, 5, 8.79, 139
2026/09/14 16:24:17.297, 0, 48, 100, 5, 523, 127.97, 1898
2026/09/14 16:24:17.300, 1, 17, 0, 0, 5, 8.79, 139
2026/09/14 16:24:18.332, 0, 48, 100, 5, 523, 137.81, 1898
2026/09/14 16:24:18.335, 1, 17, 0, 0, 5, 8.89, 139
2026/09/14 16:24:19.371, 0, 48, 99, 5, 523, 104.75, 1898
2026/09/14 16:24:19.387, 1, 17, 0, 0, 5, 8.79, 139
2026/09/14 16:24:20.418, 0, 48, 100, 5, 523, 82.54, 1898
2026/09/14 16:24:20.420, 1, 17, 0, 0, 5, 8.89, 139
2026/09/14 16:24:21.453, 0, 48, 100, 5, 523, 103.51, 1898
2026/09/14 16:24:21.456, 1, 17, 0, 0, 5, 8.79, 139
2026/09/14 16:24:22.489, 0, 48, 100, 5, 523, 118.39, 1898
2026/09/14 16:24:22.492, 1, 17, 0, 0, 5, 9.03, 139
2026/09/14 16:24:23.526, 0, 48, 100, 5, 523, 125.64, 1898
2026/09/14 16:24:23.533, 1, 17, 0, 0, 5, 8.79, 139
2026/09/14 16:24:24.565, 0, 48, 100, 6, 523, 117.18, 1898
2026/09/14 16:24:24.568, 1, 17, 0, 0, 5, 8.69, 139
2026/09/14 16:24:25.600, 0, 48, 100, 5, 523, 85.56, 1898
2026/09/14 16:24:25.603, 1, 17, 0, 0, 5, 9.23, 139
2026/09/14 16:24:26.638, 0, 48, 100, 5, 523, 108.63, 1898
2026/09/14 16:24:26.640, 1, 17, 0, 0, 5, 8.79, 139
2026/09/14 16:24:27.674, 0, 48, 100, 5, 523, 103.99, 1898
2026/09/14 16:24:27.676, 1, 17, 0, 0, 5, 8.79, 139
2026/09/14 16:24:28.708, 0, 48, 100, 5, 523, 108.34, 1898
2026/09/14 16:24:28.711, 1, 17, 0, 0, 5, 8.79, 139
2026/09/14 16:24:29.745, 0, 48, 100, 6, 523, 122.20, 1898
2026/09/14 16:24:29.747, 1, 17, 0, 0, 5, 8.79, 139
2026/09/14 16:24:30.781, 0, 48, 100, 5, 523, 96.56, 1898
2026/09/14 16:24:30.783, 1, 17, 0, 0, 5, 8.79, 139
2026/09/14 16:24:31.815, 0, 48, 100, 5, 523, 132.18, 1898
2026/09/14 16:24:31.819, 1, 17, 0, 0, 5, 9.13, 139
2026/09/14 16:24:32.852, 0, 48, 100, 5, 523, 116.21, 1898
2026/09/14 16:24:32.854, 1, 17, 0, 0, 5, 9.03, 139
2026/09/14 16:24:33.890, 0, 48, 100, 5, 523, 99.63, 1898
2026/09/14 16:24:33.895, 1, 17, 0, 0, 5, 8.89, 139
2026/09/14 16:24:34.928, 0, 48, 100, 5, 523, 82.78, 1898
2026/09/14 16:24:34.931, 1, 17, 0, 0, 5, 8.55, 139
2026/09/14 16:24:35.963, 0, 48, 100, 5, 523, 103.51, 1898
2026/09/14 16:24:35.966, 1, 18, 0, 0, 5, 14.65, 139
2026/09/14 16:24:37.005, 0, 48, 100, 5, 523, 141.45, 1898
2026/09/14 16:24:37.010, 1, 17, 0, 0, 5, 9.23, 139
2026/09/14 16:24:38.044, 0, 48, 100, 5, 523, 119.26, 1898
2026/09/14 16:24:38.047, 1, 17, 0, 0, 5, 8.79, 139
2026/09/14 16:24:39.079, 0, 47, 100, 5, 523, 108.17, 1898
2026/09/14 16:24:39.082, 1, 17, 0, 0, 5, 9.03, 139
2026/09/14 16:24:40.117, 0, 48, 100, 5, 523, 83.29, 1898
2026/09/14 16:24:40.120, 1, 17, 0, 0, 5, 8.55, 139
2026/09/14 16:24:41.153, 0, 48, 100, 5, 523, 104.72, 1898
2026/09/14 16:24:41.155, 1, 17, 0, 0, 5, 8.69, 139
2026/09/14 16:24:42.188, 0, 48, 99, 5, 523, 111.51, 1898
2026/09/14 16:24:42.193, 1, 17, 0, 0, 5, 8.69, 139
2026/09/14 16:24:43.230, 0, 48, 100, 5, 523, 127.72, 1898
2026/09/14 16:24:43.236, 1, 17, 0, 0, 5, 8.79, 139
2026/09/14 16:24:44.271, 0, 48, 100, 5, 523, 104.69, 1898
2026/09/14 16:24:44.277, 1, 17, 0, 0, 5, 9.03, 139
2026/09/14 16:24:45.312, 0, 48, 100, 5, 523, 83.07, 1898
2026/09/14 16:24:45.315, 1, 17, 0, 0, 5, 8.79, 139
2026/09/14 16:24:46.350, 0, 48, 100, 5, 523, 103.03, 1898
2026/09/14 16:24:46.353, 1, 17, 0, 0, 5, 9.32, 139
2026/09/14 16:24:47.385, 0, 48, 100, 5, 523, 119.12, 1898
2026/09/14 16:24:47.388, 1, 17, 0, 0, 5, 9.23, 139
2026/09/14 16:24:48.429, 0, 48, 100, 5, 523, 119.01, 1898
2026/09/14 16:24:48.432, 1, 17, 0, 0, 5, 9.37, 139
2026/09/14 16:24:49.465, 0, 48, 100, 5, 523, 108.39, 1898
2026/09/14 16:24:49.468, 1, 17, 0, 0, 5, 8.89, 139
2026/09/14 16:24:50.503, 0, 48, 100, 5, 523, 82.82, 1898
2026/09/14 16:24:50.510, 1, 17, 0, 0, 5, 8.69, 139
2026/09/14 16:24:51.542, 0, 48, 100, 5, 523, 103.75, 1898
2026/09/14 16:24:51.545, 1, 17, 0, 0, 5, 8.79, 139
2026/09/14 16:24:52.577, 0, 48, 100, 6, 523, 114.96, 1898
2026/09/14 16:24:52.580, 1, 17, 0, 0, 5, 8.69, 139
2026/09/14 16:24:53.612, 0, 48, 100, 5, 523, 142.14, 1898
2026/09/14 16:24:53.616, 1, 17, 0, 0, 5, 8.69, 139
2026/09/14 16:24:54.651, 0, 48, 100, 5, 523, 130.59, 1898
2026/09/14 16:24:54.654, 1, 17, 0, 0, 5, 9.13, 139
2026/09/14 16:24:55.687, 0, 48, 100, 5, 523, 87.42, 1898
2026/09/14 16:24:55.690, 1, 17, 0, 0, 5, 8.69, 139
2026/09/14 16:24:56.721, 0, 48, 100, 5, 523, 115.33, 1898
2026/09/14 16:24:56.724, 1, 17, 0, 0, 5, 8.79, 139
2026/09/14 16:24:57.757, 0, 48, 100, 5, 523, 108.15, 1898
2026/09/14 16:24:57.760, 1, 17, 0, 0, 5, 8.55, 139
2026/09/14 16:24:58.791, 0, 48, 100, 5, 523, 98.00, 1898
2026/09/14 16:24:58.794, 1, 17, 0, 0, 5, 8.79, 139
2026/09/14 16:24:59.826, 0, 48, 100, 5, 523, 87.76, 1898
2026/09/14 16:24:59.830, 1, 17, 0, 0, 5, 8.64, 139
2026/09/14 16:25:00.864, 0, 48, 100, 5, 523, 103.86, 1898
2026/09/14 16:25:00.867, 1, 17, 0, 0, 5, 9.03, 139
2026/09/14 16:25:01.899, 0, 48, 100, 5, 523, 133.60, 1898
2026/09/14 16:25:01.902, 1, 17, 0, 0, 5, 8.79, 139
2026/09/14 16:25:02.935, 0, 47, 100, 5, 523, 125.62, 1898
2026/09/14 16:25:02.940, 1, 17, 0, 0, 5, 9.03, 139
2026/09/14 16:25:03.972, 0, 47, 100, 5, 523, 117.81, 1898
2026/09/14 16:25:03.974, 1, 17, 0, 0, 5, 8.89, 139
2026/09/14 16:25:05.007, 0, 48, 100, 5, 523, 85.39, 1898
2026/09/14 16:25:05.010, 1, 17, 0, 0, 5, 10.34, 139
2026/09/14 16:25:06.042, 0, 48, 100, 5, 523, 111.73, 1898
2026/09/14 16:25:06.045, 1, 17, 0, 0, 5, 8.98, 139
2026/09/14 16:25:07.077, 0, 47, 100, 5, 523, 105.49, 1898
2026/09/14 16:25:07.080, 1, 17, 0, 0, 5, 8.79, 139
2026/09/14 16:25:08.115, 0, 47, 100, 5, 523, 113.60, 1898
2026/09/14 16:25:08.118, 1, 17, 0, 0, 5, 8.45, 139
2026/09/14 16:25:09.154, 0, 48, 100, 5, 523, 129.64, 1898
2026/09/14 16:25:09.156, 1, 17, 0, 0, 5, 8.79, 139
2026/09/14 16:25:10.188, 0, 48, 100, 5, 523, 95.87, 1898
2026/09/14 16:25:10.191, 1, 17, 0, 0, 5, 8.69, 139
2026/09/14 16:25:11.223, 0, 47, 100, 5, 523, 134.84, 1898
2026/09/14 16:25:11.226, 1, 17, 0, 0, 5, 8.55, 139
2026/09/14 16:25:12.259, 0, 48, 100, 5, 523, 116.86, 1898
2026/09/14 16:25:12.261, 1, 17, 0, 0, 5, 8.89, 139
2026/09/14 16:25:13.294, 0, 48, 100, 5, 523, 112.06, 1898
2026/09/14 16:25:13.296, 1, 17, 0, 0, 5, 8.79, 139
2026/09/14 16:25:14.328, 0, 48, 100, 5, 523, 84.82, 1898
2026/09/14 16:25:14.331, 1, 17, 0, 0, 5, 8.89, 139
2026/09/14 16:25:15.381, 0, 48, 100, 5, 523, 97.30, 1898
2026/09/14 16:25:15.384, 1, 17, 0, 0, 5, 8.60, 139
2026/09/14 16:25:16.416, 0, 48, 100, 5, 523, 137.42, 1898
2026/09/14 16:25:16.418, 1, 17, 0, 0, 5, 8.55, 139
2026/09/14 16:25:17.451, 0, 47, 100, 5, 523, 118.53, 1898
2026/09/14 16:25:17.454, 1, 17, 0, 0, 5, 9.12, 139
2026/09/14 16:25:18.490, 0, 48, 100, 5, 523, 105.48, 1898
2026/09/14 16:25:18.493, 1, 17, 0, 0, 5, 8.69, 139
2026/09/14 16:25:19.535, 0, 48, 100, 6, 523, 111.34, 1898
2026/09/14 16:25:19.537, 1, 17, 0, 0, 5, 8.79, 139
2026/09/14 16:25:20.574, 0, 48, 100, 5, 523, 98.66, 1898
2026/09/14 16:25:20.576, 1, 17, 0, 0, 5, 8.79, 139
2026/09/14 16:25:21.609, 0, 48, 100, 5, 523, 138.00, 1898
2026/09/14 16:25:21.611, 1, 17, 0, 0, 5, 8.55, 139
2026/09/14 16:25:22.645, 0, 48, 100, 5, 523, 112.35, 1898
2026/09/14 16:25:22.651, 1, 17, 0, 0, 5, 8.79, 139
2026/09/14 16:25:23.684, 0, 47, 100, 5, 523, 104.03, 1898
2026/09/14 16:25:23.686, 1, 17, 0, 0, 5, 8.78, 139
2026/09/14 16:25:24.720, 0, 48, 100, 5, 523, 82.54, 1898
2026/09/14 16:25:24.723, 1, 17, 0, 0, 5, 8.89, 139
2026/09/14 16:25:25.755, 0, 48, 100, 5, 523, 103.75, 1898
2026/09/14 16:25:25.758, 1, 17, 0, 0, 5, 8.79, 139
2026/09/14 16:25:26.790, 0, 48, 100, 5, 523, 110.51, 1898
2026/09/14 16:25:26.792, 1, 17, 0, 0, 5, 8.69, 139
2026/09/14 16:25:27.824, 0, 47, 100, 5, 523, 136.39, 1898
2026/09/14 16:25:27.827, 1, 17, 0, 0, 5, 8.69, 139
2026/09/14 16:25:28.860, 0, 47, 100, 5, 523, 141.19, 1898
2026/09/14 16:25:28.863, 1, 17, 0, 0, 5, 8.79, 139
2026/09/14 16:25:29.896, 0, 48, 100, 5, 523, 90.67, 1898
2026/09/14 16:25:29.899, 1, 17, 0, 0, 5, 8.79, 139
2026/09/14 16:25:30.936, 0, 47, 100, 5, 523, 113.42, 1898
2026/09/14 16:25:30.939, 1, 17, 0, 0, 5, 8.69, 139
2026/09/14 16:25:31.971, 0, 47, 100, 5, 523, 106.75, 1898
2026/09/14 16:25:31.974, 1, 17, 0, 0, 5, 8.69, 139
2026/09/14 16:25:33.005, 0, 47, 100, 5, 523, 102.74, 1898
2026/09/14 16:25:33.012, 1, 17, 0, 0, 5, 8.60, 139
2026/09/14 16:25:34.048, 0, 47, 100, 5, 523, 136.19, 1898
2026/09/14 16:25:34.054, 1, 17, 0, 0, 5, 14.21, 139
2026/09/14 16:25:35.091, 0, 48, 100, 5, 523, 87.42, 1898
2026/09/14 16:25:35.096, 1, 17, 0, 0, 5, 9.23, 139
2026/09/14 16:25:36.130, 0, 48, 100, 5, 523, 114.09, 1898
2026/09/14 16:25:36.133, 1, 17, 0, 0, 5, 8.79, 139
2026/09/14 16:25:37.167, 0, 47, 100, 5, 523, 105.64, 1898
2026/09/14 16:25:37.169, 1, 17, 0, 0, 5, 8.79, 139
2026/09/14 16:25:38.202, 0, 47, 100, 5, 523, 98.43, 1898
2026/09/14 16:25:38.205, 1, 17, 0, 0, 5, 8.69, 139
2026/09/14 16:25:39.237, 0, 47, 100, 5, 523, 103.64, 1898
2026/09/14 16:25:39.240, 1, 17, 0, 0, 5, 9.03, 139
2026/09/14 16:25:40.273, 0, 47, 100, 5, 523, 102.01, 1898
2026/09/14 16:25:40.276, 1, 17, 0, 0, 5, 9.13, 139
2026/09/14 16:25:41.308, 0, 47, 100, 5, 523, 143.62, 1898
2026/09/14 16:25:41.311, 1, 17, 0, 0, 5, 9.03, 139
2026/09/14 16:25:42.347, 0, 47, 100, 6, 523, 115.29, 1898
2026/09/14 16:25:42.351, 1, 17, 0, 0, 5, 8.69, 139
2026/09/14 16:25:43.384, 0, 47, 99, 5, 523, 107.44, 1898
2026/09/14 16:25:43.386, 1, 17, 0, 0, 5, 8.69, 139
2026/09/14 16:25:44.423, 0, 47, 100, 5, 523, 82.72, 1898
2026/09/14 16:25:44.425, 1, 17, 0, 0, 5, 8.89, 139
2026/09/14 16:25:45.459, 0, 47, 100, 5, 523, 103.27, 1898
2026/09/14 16:25:45.462, 1, 17, 0, 0, 5, 8.69, 139
2026/09/14 16:25:46.494, 0, 47, 100, 5, 523, 118.64, 1898
2026/09/14 16:25:46.497, 1, 17, 0, 0, 5, 9.32, 139
2026/09/14 16:25:47.544, 0, 47, 100, 6, 523, 112.60, 1898
2026/09/14 16:25:47.546, 1, 17, 0, 0, 5, 8.79, 139
2026/09/14 16:25:48.581, 0, 47, 100, 5, 523, 95.53, 1898
2026/09/14 16:25:48.587, 1, 17, 0, 0, 5, 8.79, 139
2026/09/14 16:25:49.619, 0, 47, 100, 5, 523, 88.65, 1898
2026/09/14 16:25:49.622, 1, 17, 0, 0, 5, 8.69, 139
2026/09/14 16:25:50.655, 0, 47, 100, 5, 523, 104.37, 1898
2026/09/14 16:25:50.659, 1, 17, 0, 0, 5, 9.03, 139
2026/09/14 16:25:51.691, 0, 47, 100, 5, 523, 135.39, 1898
2026/09/14 16:25:51.695, 1, 17, 0, 0, 5, 9.13, 139
2026/09/14 16:25:52.728, 0, 47, 100, 5, 523, 129.72, 1898
2026/09/14 16:25:52.731, 1, 17, 0, 0, 5, 8.69, 139
2026/09/14 16:25:53.765, 0, 47, 100, 5, 523, 116.21, 1898
2026/09/14 16:25:53.768, 1, 17, 0, 0, 5, 8.79, 139
2026/09/14 16:25:54.803, 0, 47, 100, 5, 523, 84.48, 1898
2026/09/14 16:25:54.805, 1, 17, 0, 0, 5, 8.79, 139
2026/09/14 16:25:55.838, 0, 48, 100, 5, 523, 106.50, 1898
2026/09/14 16:25:55.843, 1, 17, 0, 0, 5, 8.55, 139
2026/09/14 16:25:56.875, 0, 47, 100, 5, 523, 102.45, 1898
2026/09/14 16:25:56.878, 1, 17, 0, 0, 5, 8.89, 139
2026/09/14 16:25:57.910, 0, 47, 100, 5, 523, 125.96, 1898
2026/09/14 16:25:57.913, 1, 17, 0, 0, 5, 8.98, 139
2026/09/14 16:25:58.948, 0, 48, 100, 5, 523, 133.11, 1898
2026/09/14 16:25:58.951, 1, 17, 0, 0, 5, 8.55, 139
2026/09/14 16:25:59.983, 0, 48, 100, 6, 523, 94.93, 1898
2026/09/14 16:25:59.986, 1, 17, 0, 0, 5, 8.69, 139
2026/09/14 16:26:01.021, 0, 48, 100, 5, 523, 122.49, 1898
2026/09/14 16:26:01.024, 1, 17, 0, 0, 5, 8.69, 139
2026/09/14 16:26:02.057, 0, 47, 100, 5, 523, 110.52, 1898
2026/09/14 16:26:02.060, 1, 17, 0, 0, 5, 8.69, 139
2026/09/14 16:26:03.094, 0, 48, 100, 5, 523, 96.94, 1898
2026/09/14 16:26:03.098, 1, 17, 0, 0, 5, 13.68, 139
2026/09/14 16:26:04.132, 0, 47, 100, 5, 523, 94.85, 1898
2026/09/14 16:26:04.135, 1, 17, 0, 0, 5, 9.13, 139
2026/09/14 16:26:05.169, 0, 48, 100, 6, 523, 103.65, 1898
2026/09/14 16:26:05.172, 1, 17, 0, 0, 5, 8.55, 139
2026/09/14 16:26:06.206, 0, 48, 100, 5, 523, 140.03, 1898
2026/09/14 16:26:06.208, 1, 17, 0, 0, 5, 8.55, 139
2026/09/14 16:26:07.240, 0, 48, 100, 5, 523, 120.32, 1898
2026/09/14 16:26:07.247, 1, 17, 0, 0, 5, 9.03, 139
2026/09/14 16:26:08.280, 0, 48, 100, 5, 523, 110.23, 1898
2026/09/14 16:26:08.283, 1, 17, 0, 0, 5, 8.55, 139
2026/09/14 16:26:09.315, 0, 47, 100, 5, 523, 84.11, 1898
2026/09/14 16:26:09.318, 1, 17, 0, 0, 5, 8.89, 139
2026/09/14 16:26:10.352, 0, 48, 100, 5, 523, 103.75, 1898
2026/09/14 16:26:10.358, 1, 17, 0, 0, 5, 8.93, 139
2026/09/14 16:26:11.401, 0, 47, 100, 5, 523, 116.38, 1898
2026/09/14 16:26:11.413, 1, 17, 0, 0, 5, 8.79, 139
2026/09/14 16:26:12.446, 0, 47, 100, 5, 523, 107.52, 1898
2026/09/14 16:26:12.449, 1, 17, 0, 0, 5, 8.69, 139
2026/09/14 16:26:13.482, 0, 48, 100, 5, 523, 94.95, 1898
2026/09/14 16:26:13.485, 1, 17, 0, 0, 5, 8.55, 139
2026/09/14 16:26:14.517, 0, 48, 100, 5, 523, 87.47, 1898
2026/09/14 16:26:14.520, 1, 17, 0, 0, 5, 8.89, 139
2026/09/14 16:26:15.552, 0, 48, 100, 5, 523, 102.91, 1898
2026/09/14 16:26:15.557, 1, 17, 0, 0, 5, 8.69, 139
2026/09/14 16:26:16.591, 0, 48, 100, 5, 523, 139.79, 1898
2026/09/14 16:26:16.593, 1, 17, 0, 0, 5, 8.79, 139
2026/09/14 16:26:17.626, 0, 48, 100, 5, 523, 123.71, 1898
2026/09/14 16:26:17.630, 1, 17, 0, 0, 5, 8.79, 139
2026/09/14 16:26:18.664, 0, 47, 100, 6, 523, 103.40, 1898
2026/09/14 16:26:18.673, 1, 17, 0, 0, 5, 8.11, 139
2026/09/14 16:26:19.704, 0, 48, 100, 5, 523, 83.32, 1898
2026/09/14 16:26:19.707, 1, 17, 0, 0, 5, 8.89, 139
2026/09/14 16:26:20.740, 0, 48, 100, 5, 523, 104.72, 1898
2026/09/14 16:26:20.743, 1, 17, 0, 0, 5, 8.79, 139
2026/09/14 16:26:21.774, 0, 48, 100, 6, 523, 103.66, 1898
2026/09/14 16:26:21.778, 1, 17, 0, 0, 5, 8.69, 139
2026/09/14 16:26:22.814, 0, 48, 100, 5, 523, 140.27, 1898
2026/09/14 16:26:22.816, 1, 17, 0, 0, 5, 8.79, 139
2026/09/14 16:26:23.854, 0, 47, 100, 5, 523, 124.43, 1898
2026/09/14 16:26:23.856, 1, 17, 0, 0, 5, 8.79, 139
2026/09/14 16:26:24.889, 0, 48, 100, 5, 523, 86.87, 1898
2026/09/14 16:26:24.892, 1, 17, 0, 0, 5, 8.69, 139
2026/09/14 16:26:25.925, 0, 48, 100, 5, 523, 111.65, 1898
2026/09/14 16:26:25.928, 1, 17, 0, 0, 5, 9.13, 139
2026/09/14 16:26:26.960, 0, 48, 100, 5, 523, 105.45, 1898
2026/09/14 16:26:26.962, 1, 17, 0, 0, 5, 8.70, 139
2026/09/14 16:26:27.994, 0, 47, 100, 5, 523, 102.79, 1898
2026/09/14 16:26:27.999, 1, 17, 0, 0, 5, 8.79, 139
2026/09/14 16:26:29.032, 0, 48, 100, 5, 523, 109.32, 1898
2026/09/14 16:26:29.036, 1, 17, 0, 0, 5, 8.55, 139
2026/09/14 16:26:30.068, 0, 48, 100, 5, 523, 101.87, 1898
2026/09/14 16:26:30.071, 1, 17, 0, 0, 5, 8.79, 139
2026/09/14 16:26:31.103, 0, 48, 100, 5, 523, 140.56, 1898
2026/09/14 16:26:31.108, 1, 17, 0, 0, 5, 8.94, 139
2026/09/14 16:26:32.139, 0, 47, 100, 6, 523, 118.91, 1898
2026/09/14 16:26:32.144, 1, 17, 0, 0, 5, 11.32, 139
2026/09/14 16:26:33.176, 0, 48, 100, 5, 523, 111.83, 1898
2026/09/14 16:26:33.178, 1, 17, 0, 0, 5, 8.89, 139
2026/09/14 16:26:34.211, 0, 48, 100, 5, 523, 83.81, 1898
2026/09/14 16:26:34.215, 1, 17, 0, 0, 5, 8.60, 139
2026/09/14 16:26:35.247, 0, 48, 100, 5, 523, 106.43, 1898
2026/09/14 16:26:35.250, 1, 17, 0, 0, 5, 8.55, 139
2026/09/14 16:26:36.282, 0, 48, 100, 5, 523, 102.98, 1898
2026/09/14 16:26:36.285, 1, 17, 0, 0, 5, 8.55, 139
2026/09/14 16:26:37.316, 0, 47, 100, 6, 523, 126.80, 1898
2026/09/14 16:26:37.323, 1, 17, 0, 0, 5, 8.79, 139
2026/09/14 16:26:38.364, 0, 48, 100, 5, 523, 122.88, 1898
2026/09/14 16:26:38.367, 1, 17, 0, 0, 5, 8.69, 139
2026/09/14 16:26:39.398, 0, 48, 100, 5, 523, 88.12, 1898
2026/09/14 16:26:39.401, 1, 17, 0, 0, 5, 8.55, 139
2026/09/14 16:26:40.433, 0, 48, 100, 5, 523, 114.16, 1898
2026/09/14 16:26:40.436, 1, 17, 0, 0, 5, 8.70, 139
2026/09/14 16:26:41.469, 0, 48, 100, 5, 523, 106.77, 1898
2026/09/14 16:26:41.472, 1, 17, 0, 0, 5, 8.79, 139
2026/09/14 16:26:42.504, 0, 47, 100, 5, 523, 96.21, 1898
2026/09/14 16:26:42.506, 1, 17, 0, 0, 5, 8.70, 139
2026/09/14 16:26:43.539, 0, 48, 100, 5, 523, 94.34, 1898
2026/09/14 16:26:43.542, 1, 17, 0, 0, 5, 8.79, 139
2026/09/14 16:26:44.574, 0, 48, 100, 5, 523, 102.03, 1898
2026/09/14 16:26:44.577, 1, 17, 0, 0, 5, 8.80, 139
2026/09/14 16:26:45.610, 0, 47, 100, 5, 523, 131.24, 1898
2026/09/14 16:26:45.613, 1, 17, 0, 0, 5, 8.99, 139
2026/09/14 16:26:46.645, 0, 47, 100, 5, 523, 133.48, 1898
2026/09/14 16:26:46.648, 1, 17, 0, 0, 5, 8.89, 139
2026/09/14 16:26:47.680, 0, 47, 100, 5, 523, 125.29, 1898
2026/09/14 16:26:47.684, 1, 17, 0, 0, 5, 8.70, 139
2026/09/14 16:26:48.717, 0, 48, 100, 5, 523, 86.42, 1898
2026/09/14 16:26:48.720, 1, 17, 0, 0, 5, 8.55, 139
2026/09/14 16:26:49.752, 0, 47, 100, 6, 523, 112.19, 1898
2026/09/14 16:26:49.755, 1, 17, 0, 0, 5, 8.70, 139
2026/09/14 16:26:50.789, 0, 47, 100, 5, 523, 104.25, 1898
2026/09/14 16:26:50.792, 1, 17, 0, 0, 5, 8.80, 139
2026/09/14 16:26:51.824, 0, 47, 100, 5, 523, 98.60, 1898
2026/09/14 16:26:51.826, 1, 17, 0, 0, 5, 8.79, 139
2026/09/14 16:26:52.858, 0, 47, 100, 5, 523, 98.69, 1898
2026/09/14 16:26:52.861, 1, 17, 0, 0, 5, 8.55, 139
2026/09/14 16:26:53.895, 0, 47, 100, 5, 523, 103.10, 1898
2026/09/14 16:26:53.898, 1, 17, 0, 0, 5, 8.55, 139
2026/09/14 16:26:54.930, 0, 47, 100, 6, 523, 141.96, 1898
2026/09/14 16:26:54.932, 1, 17, 0, 0, 5, 8.79, 139
2026/09/14 16:26:55.965, 0, 47, 100, 5, 523, 126.43, 1898
2026/09/14 16:26:55.968, 1, 17, 0, 0, 5, 8.99, 139
2026/09/14 16:26:57.002, 0, 47, 100, 5, 523, 114.77, 1898
2026/09/14 16:26:57.004, 1, 17, 0, 0, 5, 9.04, 139
2026/09/14 16:26:58.038, 0, 47, 100, 5, 523, 84.88, 1898
2026/09/14 16:26:58.040, 1, 17, 0, 0, 5, 8.89, 139
2026/09/14 16:26:59.073, 0, 47, 100, 5, 523, 108.46, 1898
2026/09/14 16:26:59.076, 1, 17, 0, 0, 5, 8.80, 139
2026/09/14 16:27:00.108, 0, 47, 100, 5, 523, 103.82, 1898
2026/09/14 16:27:00.111, 1, 17, 0, 0, 5, 8.80, 139
2026/09/14 16:27:01.143, 0, 47, 100, 5, 523, 108.36, 1898
2026/09/14 16:27:01.146, 1, 17, 0, 0, 5, 8.79, 139
2026/09/14 16:27:02.178, 0, 47, 100, 5, 523, 116.28, 1898
2026/09/14 16:27:02.181, 1, 17, 0, 0, 5, 14.66, 139
2026/09/14 16:27:03.229, 0, 47, 100, 5, 523, 84.14, 1898
2026/09/14 16:27:03.236, 1, 17, 0, 0, 5, 8.89, 139
2026/09/14 16:27:04.268, 0, 47, 100, 5, 523, 106.67, 1898
2026/09/14 16:27:04.271, 1, 17, 0, 0, 5, 8.60, 139
2026/09/14 16:27:05.302, 0, 47, 100, 5, 523, 102.51, 1898
2026/09/14 16:27:05.305, 1, 17, 0, 0, 5, 8.70, 139
2026/09/14 16:27:06.350, 0, 47, 100, 5, 523, 127.98, 1898
2026/09/14 16:27:06.352, 1, 17, 0, 0, 5, 8.79, 139
2026/09/14 16:27:07.388, 0, 47, 99, 6, 523, 115.51, 1898
2026/09/14 16:27:07.391, 1, 17, 0, 0, 5, 8.79, 139
2026/09/14 16:27:08.422, 0, 47, 100, 5, 523, 84.78, 1898
2026/09/14 16:27:08.427, 1, 17, 0, 0, 5, 8.80, 139
2026/09/14 16:27:09.460, 0, 47, 100, 5, 523, 107.50, 1898
2026/09/14 16:27:09.463, 1, 17, 0, 0, 5, 8.36, 139
2026/09/14 16:27:10.495, 0, 47, 100, 5, 523, 103.08, 1898
2026/09/14 16:27:10.498, 1, 17, 0, 0, 5, 8.79, 139
2026/09/14 16:27:11.530, 0, 47, 100, 5, 523, 118.03, 1898
2026/09/14 16:27:11.533, 1, 17, 0, 0, 5, 8.79, 139
2026/09/14 16:27:12.566, 0, 47, 100, 6, 523, 125.83, 1898
2026/09/14 16:27:12.568, 1, 17, 0, 0, 5, 9.13, 139
2026/09/14 16:27:13.600, 0, 47, 100, 5, 523, 98.89, 1898
2026/09/14 16:27:13.603, 1, 17, 0, 0, 5, 9.13, 139
2026/09/14 16:27:14.636, 0, 47, 100, 5, 523, 128.02, 1898
2026/09/14 16:27:14.641, 1, 17, 0, 0, 5, 8.70, 139
2026/09/14 16:27:15.674, 0, 47, 100, 5, 523, 115.39, 1898
2026/09/14 16:27:15.677, 1, 17, 0, 0, 5, 8.70, 139
2026/09/14 16:27:16.708, 0, 47, 100, 5, 523, 107.16, 1898
2026/09/14 16:27:16.711, 1, 17, 0, 0, 5, 8.55, 139
2026/09/14 16:27:17.744, 0, 47, 100, 6, 523, 83.56, 1898
2026/09/14 16:27:17.747, 1, 17, 0, 0, 5, 8.80, 139
2026/09/14 16:27:18.779, 0, 47, 100, 5, 523, 105.27, 1898
2026/09/14 16:27:18.782, 1, 17, 0, 0, 5, 8.89, 139
2026/09/14 16:27:19.814, 0, 47, 100, 5, 523, 101.79, 1898
2026/09/14 16:27:19.817, 1, 17, 0, 0, 5, 8.55, 139
2026/09/14 16:27:20.849, 0, 47, 100, 5, 523, 136.14, 1898
2026/09/14 16:27:20.853, 1, 17, 0, 0, 5, 8.70, 139
2026/09/14 16:27:21.885, 0, 47, 100, 5, 523, 135.22, 1898
2026/09/14 16:27:21.888, 1, 17, 0, 0, 5, 8.79, 139
2026/09/14 16:27:22.920, 0, 47, 100, 5, 523, 90.94, 1898
2026/09/14 16:27:22.926, 1, 17, 0, 0, 5, 8.70, 139
2026/09/14 16:27:23.959, 0, 47, 100, 5, 523, 121.08, 1898
2026/09/14 16:27:23.962, 1, 18, 0, 0, 5, 8.99, 139
2026/09/14 16:27:24.994, 0, 47, 100, 5, 523, 109.53, 1898
2026/09/14 16:27:24.998, 1, 18, 0, 0, 5, 8.89, 139
2026/09/14 16:27:26.029, 0, 47, 100, 5, 523, 102.08, 1898
2026/09/14 16:27:26.032, 1, 17, 0, 0, 5, 8.70, 139
2026/09/14 16:27:27.063, 0, 47, 100, 5, 523, 82.75, 1898
2026/09/14 16:27:27.066, 1, 18, 0, 0, 5, 8.79, 139
2026/09/14 16:27:28.099, 0, 47, 100, 5, 523, 103.34, 1898
2026/09/14 16:27:28.102, 1, 17, 0, 0, 5, 8.55, 139
2026/09/14 16:27:29.134, 0, 47, 100, 5, 523, 113.53, 1898
2026/09/14 16:27:29.137, 1, 17, 0, 0, 5, 8.70, 139
2026/09/14 16:27:30.169, 0, 47, 100, 5, 523, 138.29, 1898
2026/09/14 16:27:30.172, 1, 17, 0, 0, 5, 8.99, 139
2026/09/14 16:27:31.203, 0, 47, 100, 5, 523, 138.12, 1898
2026/09/14 16:27:31.206, 1, 17, 0, 0, 5, 8.79, 139
2026/09/14 16:27:32.238, 0, 47, 100, 5, 523, 90.15, 1898
2026/09/14 16:27:32.243, 1, 17, 0, 0, 5, 9.77, 139
2026/09/14 16:27:33.275, 0, 47, 100, 5, 523, 120.40, 1898
2026/09/14 16:27:33.277, 1, 17, 0, 0, 5, 8.89, 139
2026/09/14 16:27:34.311, 0, 47, 100, 5, 523, 109.28, 1898
2026/09/14 16:27:34.314, 1, 18, 0, 0, 5, 8.70, 139
2026/09/14 16:27:35.345, 0, 47, 100, 5, 523, 98.39, 1898
2026/09/14 16:27:35.349, 1, 17, 0, 0, 5, 8.89, 139
2026/09/14 16:27:36.393, 0, 47, 100, 5, 523, 135.56, 1898
2026/09/14 16:27:36.397, 1, 17, 0, 0, 5, 9.13, 139
2026/09/14 16:27:37.431, 0, 47, 100, 5, 523, 90.11, 1898
2026/09/14 16:27:37.434, 1, 17, 0, 0, 5, 8.89, 139
2026/09/14 16:27:38.467, 0, 47, 100, 5, 523, 120.88, 1898
2026/09/14 16:27:38.470, 1, 17, 0, 0, 5, 8.70, 139
2026/09/14 16:27:39.504, 0, 47, 100, 6, 523, 109.53, 1898
2026/09/14 16:27:39.507, 1, 17, 0, 0, 5, 8.70, 139
2026/09/14 16:27:40.539, 0, 47, 100, 5, 523, 99.45, 1898
2026/09/14 16:27:40.542, 1, 17, 0, 0, 5, 8.79, 139
2026/09/14 16:27:41.575, 0, 47, 100, 5, 523, 87.33, 1898
2026/09/14 16:27:41.578, 1, 18, 0, 0, 5, 8.89, 139
2026/09/14 16:27:42.610, 0, 47, 100, 5, 523, 102.27, 1898
2026/09/14 16:27:42.613, 1, 18, 0, 0, 5, 9.13, 139
2026/09/14 16:27:43.646, 0, 47, 100, 5, 523, 125.74, 1898
2026/09/14 16:27:43.648, 1, 17, 0, 0, 5, 8.79, 139
2026/09/14 16:27:44.682, 0, 47, 100, 6, 523, 131.98, 1898
2026/09/14 16:27:44.685, 1, 18, 0, 0, 5, 9.04, 139
2026/09/14 16:27:45.717, 0, 47, 100, 5, 523, 133.18, 1898
2026/09/14 16:27:45.719, 1, 17, 0, 0, 5, 8.55, 139
2026/09/14 16:27:46.752, 0, 47, 100, 5, 523, 88.36, 1898
2026/09/14 16:27:46.755, 1, 17, 0, 0, 5, 8.80, 139
2026/09/14 16:27:47.788, 0, 47, 100, 5, 523, 114.18, 1898
2026/09/14 16:27:47.791, 1, 18, 0, 0, 5, 9.04, 139
2026/09/14 16:27:48.823, 0, 47, 100, 5, 523, 107.01, 1898
2026/09/14 16:27:48.826, 1, 18, 0, 0, 5, 8.70, 139
2026/09/14 16:27:49.858, 0, 47, 100, 5, 523, 95.48, 1898
2026/09/14 16:27:49.861, 1, 18, 0, 0, 5, 8.55, 139
2026/09/14 16:27:50.893, 0, 47, 100, 5, 523, 89.72, 1898
2026/09/14 16:27:50.896, 1, 18, 0, 0, 5, 8.70, 139
2026/09/14 16:27:51.928, 0, 47, 100, 5, 523, 102.03, 1898
2026/09/14 16:27:51.931, 1, 18, 0, 0, 5, 8.80, 139
2026/09/14 16:27:52.963, 0, 47, 100, 5, 523, 137.10, 1898
2026/09/14 16:27:52.967, 1, 18, 0, 0, 5, 8.89, 139
2026/09/14 16:27:54.000, 0, 47, 100, 5, 523, 131.38, 1898
2026/09/14 16:27:54.003, 1, 18, 0, 0, 5, 9.23, 139
2026/09/14 16:27:55.034, 0, 47, 100, 5, 523, 128.01, 1898
2026/09/14 16:27:55.037, 1, 18, 0, 0, 5, 8.79, 139
2026/09/14 16:27:56.070, 0, 47, 100, 5, 523, 86.56, 1898
2026/09/14 16:27:56.074, 1, 18, 0, 0, 5, 8.80, 139
2026/09/14 16:27:57.106, 0, 47, 100, 6, 523, 111.70, 1898
2026/09/14 16:27:57.109, 1, 18, 0, 0, 5, 8.55, 139
2026/09/14 16:27:58.142, 0, 47, 100, 5, 523, 104.54, 1898
2026/09/14 16:27:58.145, 1, 18, 0, 0, 5, 8.55, 139
2026/09/14 16:27:59.177, 0, 47, 100, 5, 523, 112.86, 1898
2026/09/14 16:27:59.182, 1, 18, 0, 0, 5, 8.60, 139
2026/09/14 16:28:00.214, 0, 47, 100, 5, 523, 118.95, 1898
2026/09/14 16:28:00.217, 1, 18, 0, 0, 5, 8.80, 139
2026/09/14 16:28:01.249, 0, 47, 100, 5, 523, 101.26, 1898
2026/09/14 16:28:01.251, 1, 18, 0, 0, 5, 8.79, 139
2026/09/14 16:28:02.284, 0, 47, 100, 6, 523, 135.10, 1898
2026/09/14 16:28:02.289, 1, 18, 0, 0, 5, 12.29, 139
2026/09/14 16:28:03.322, 0, 47, 100, 5, 523, 117.50, 1898
2026/09/14 16:28:03.325, 1, 18, 0, 0, 5, 9.04, 139
2026/09/14 16:28:04.358, 0, 47, 100, 5, 523, 113.80, 1898
2026/09/14 16:28:04.375, 1, 18, 0, 0, 5, 8.79, 139
2026/09/14 16:28:05.406, 0, 47, 100, 5, 523, 112.33, 1898
2026/09/14 16:28:05.408, 1, 18, 0, 0, 5, 8.89, 139
2026/09/14 16:28:06.441, 0, 47, 100, 5, 523, 99.95, 1898
2026/09/14 16:28:06.444, 1, 18, 0, 0, 5, 8.89, 139
2026/09/14 16:28:07.477, 0, 47, 100, 6, 523, 129.95, 1898
2026/09/14 16:28:07.482, 1, 18, 0, 0, 5, 8.70, 139
2026/09/14 16:28:08.515, 0, 47, 99, 5, 523, 115.95, 1898
2026/09/14 16:28:08.518, 1, 18, 0, 0, 5, 8.80, 139
2026/09/14 16:28:09.550, 0, 47, 100, 5, 523, 106.67, 1898
2026/09/14 16:28:09.553, 1, 18, 0, 0, 5, 8.55, 139
2026/09/14 16:28:10.585, 0, 47, 100, 5, 523, 83.32, 1898
2026/09/14 16:28:10.589, 1, 18, 0, 0, 5, 8.79, 139
2026/09/14 16:28:11.622, 0, 47, 100, 5, 523, 105.22, 1898
2026/09/14 16:28:11.625, 1, 18, 0, 0, 5, 8.89, 139
2026/09/14 16:28:12.657, 0, 47, 100, 5, 523, 101.31, 1898
2026/09/14 16:28:12.660, 1, 18, 0, 0, 5, 8.89, 139
2026/09/14 16:28:13.691, 0, 47, 100, 5, 523, 135.90, 1898
2026/09/14 16:28:13.696, 1, 18, 0, 0, 5, 8.79, 139
2026/09/14 16:28:14.729, 0, 47, 100, 5, 523, 139.59, 1898
2026/09/14 16:28:14.731, 1, 18, 0, 0, 5, 8.89, 139
2026/09/14 16:28:15.765, 0, 47, 100, 5, 523, 90.69, 1898
2026/09/14 16:28:15.768, 1, 18, 0, 0, 5, 8.80, 139
2026/09/14 16:28:16.800, 0, 47, 100, 5, 523, 123.74, 1898
2026/09/14 16:28:16.803, 1, 18, 0, 0, 5, 8.70, 139
2026/09/14 16:28:17.835, 0, 47, 100, 5, 523, 111.52, 1898
2026/09/14 16:28:17.838, 1, 18, 0, 0, 5, 8.80, 139
2026/09/14 16:28:18.870, 0, 47, 100, 5, 523, 103.87, 1898
2026/09/14 16:28:18.872, 1, 18, 0, 0, 5, 8.79, 139
2026/09/14 16:28:19.905, 0, 47, 100, 6, 523, 82.74, 1898
2026/09/14 16:28:19.909, 1, 18, 0, 0, 5, 8.70, 139
2026/09/14 16:28:20.943, 0, 47, 100, 5, 523, 102.27, 1898
2026/09/14 16:28:20.946, 1, 18, 0, 0, 5, 8.79, 139
2026/09/14 16:28:21.978, 0, 47, 100, 5, 523, 123.21, 1898
2026/09/14 16:28:21.981, 1, 18, 0, 0, 5, 8.70, 139
2026/09/14 16:28:23.012, 0, 46, 100, 5, 523, 137.89, 1898
2026/09/14 16:28:23.017, 1, 18, 0, 0, 5, 8.94, 139
2026/09/14 16:28:24.049, 0, 46, 100, 5, 523, 137.20, 1898
2026/09/14 16:28:24.051, 1, 17, 0, 0, 5, 9.13, 139
2026/09/14 16:28:25.254, 0, 47, 100, 5, 523, 84.41, 1898
2026/09/14 16:28:25.257, 1, 18, 0, 0, 5, 8.80, 139
2026/09/14 16:28:26.289, 0, 47, 100, 5, 523, 102.76, 1898
2026/09/14 16:28:26.291, 1, 18, 0, 0, 5, 8.55, 139
2026/09/14 16:28:27.324, 0, 47, 100, 5, 523, 126.11, 1898
2026/09/14 16:28:27.327, 1, 18, 0, 0, 5, 9.23, 139
2026/09/14 16:28:28.368, 0, 46, 100, 5, 523, 113.24, 1898
2026/09/14 16:28:28.374, 1, 18, 0, 0, 5, 8.94, 139
2026/09/14 16:28:29.404, 0, 47, 100, 5, 523, 105.27, 1898
2026/09/14 16:28:29.407, 1, 18, 0, 0, 5, 8.79, 139
2026/09/14 16:28:30.439, 0, 47, 100, 5, 523, 83.56, 1898
2026/09/14 16:28:30.441, 1, 18, 0, 0, 5, 9.13, 139
2026/09/14 16:28:31.474, 0, 47, 99, 5, 523, 105.71, 1898
2026/09/14 16:28:31.478, 1, 18, 0, 0, 5, 8.80, 139
2026/09/14 16:28:32.510, 0, 46, 100, 5, 523, 102.27, 1898
2026/09/14 16:28:32.513, 1, 18, 0, 0, 5, 8.70, 139
2026/09/14 16:28:33.545, 0, 46, 100, 5, 523, 134.69, 1898
2026/09/14 16:28:33.550, 1, 18, 0, 0, 5, 8.70, 139
2026/09/14 16:28:34.582, 0, 47, 100, 6, 523, 138.92, 1898
2026/09/14 16:28:34.586, 1, 18, 0, 0, 5, 8.55, 139
2026/09/14 16:28:35.619, 0, 47, 100, 5, 523, 90.73, 1898
2026/09/14 16:28:35.623, 1, 18, 0, 0, 5, 8.46, 139
2026/09/14 16:28:36.655, 0, 47, 100, 5, 523, 120.16, 1898
2026/09/14 16:28:36.658, 1, 18, 0, 0, 5, 8.70, 139
2026/09/14 16:28:37.690, 0, 47, 100, 5, 523, 108.80, 1898
2026/09/14 16:28:37.694, 1, 18, 0, 0, 5, 9.04, 139
2026/09/14 16:28:38.725, 0, 47, 100, 5, 523, 252.49, 1898
2026/09/14 16:28:38.728, 1, 18, 0, 0, 5, 8.69, 139
2026/09/14 16:28:39.760, 0, 47, 100, 5, 523, 128.73, 1898
2026/09/14 16:28:39.763, 1, 18, 0, 0, 5, 8.80, 139
2026/09/14 16:28:40.795, 0, 47, 100, 6, 523, 121.70, 1898
2026/09/14 16:28:40.798, 1, 18, 0, 0, 5, 8.94, 139
2026/09/14 16:28:41.833, 0, 47, 100, 5, 523, 84.88, 1898
2026/09/14 16:28:41.835, 1, 18, 0, 0, 5, 8.80, 139
2026/09/14 16:28:42.868, 0, 47, 100, 5, 523, 108.22, 1898
2026/09/14 16:28:42.871, 1, 18, 0, 0, 5, 8.89, 139
2026/09/14 16:28:43.904, 0, 47, 100, 5, 523, 101.31, 1898
2026/09/14 16:28:43.910, 1, 18, 0, 0, 5, 8.79, 139
2026/09/14 16:28:44.941, 0, 47, 100, 5, 523, 129.10, 1898
2026/09/14 16:28:44.944, 1, 18, 0, 0, 5, 9.04, 139
2026/09/14 16:28:45.978, 0, 47, 100, 5, 523, 139.04, 1898
2026/09/14 16:28:45.981, 1, 18, 0, 0, 5, 8.89, 139
2026/09/14 16:28:47.015, 0, 47, 100, 5, 523, 90.15, 1898
2026/09/14 16:28:47.018, 1, 18, 0, 0, 5, 8.55, 139
2026/09/14 16:28:48.051, 0, 47, 100, 5, 523, 114.20, 1898
2026/09/14 16:28:48.057, 1, 18, 0, 0, 5, 9.14, 139
2026/09/14 16:28:49.089, 0, 47, 100, 5, 523, 106.19, 1898
2026/09/14 16:28:49.092, 1, 18, 0, 0, 5, 8.80, 139
2026/09/14 16:28:50.124, 0, 47, 100, 5, 523, 94.75, 1898
2026/09/14 16:28:50.126, 1, 18, 0, 0, 5, 8.89, 139
2026/09/14 16:28:51.159, 0, 47, 100, 5, 523, 111.50, 1898
2026/09/14 16:28:51.164, 1, 18, 0, 0, 5, 8.80, 139
2026/09/14 16:28:52.197, 0, 47, 100, 5, 523, 101.29, 1898
2026/09/14 16:28:52.200, 1, 18, 0, 0, 5, 8.65, 139
2026/09/14 16:28:53.231, 0, 47, 100, 5, 523, 142.44, 1898
2026/09/14 16:28:53.234, 1, 18, 0, 0, 5, 8.55, 139
2026/09/14 16:28:54.266, 0, 47, 100, 5, 523, 124.54, 1898
2026/09/14 16:28:54.269, 1, 18, 0, 0, 5, 9.04, 139
2026/09/14 16:28:55.301, 0, 47, 100, 5, 523, 117.06, 1898
2026/09/14 16:28:55.304, 1, 18, 0, 0, 5, 8.79, 139
2026/09/14 16:28:56.495, 0, 47, 100, 5, 523, 83.08, 1898
2026/09/14 16:28:56.497, 1, 18, 0, 0, 5, 9.13, 139
2026/09/14 16:28:57.530, 0, 47, 100, 5, 523, 105.03, 1898
2026/09/14 16:28:57.532, 1, 18, 0, 0, 5, 8.70, 139
2026/09/14 16:28:58.564, 0, 47, 100, 5, 523, 101.55, 1898
2026/09/14 16:28:58.567, 1, 18, 0, 0, 5, 8.45, 139
2026/09/14 16:28:59.600, 0, 47, 100, 5, 523, 130.59, 1898
2026/09/14 16:28:59.602, 1, 18, 0, 0, 5, 8.79, 139
2026/09/14 16:29:00.634, 0, 47, 100, 6, 523, 138.36, 1898
2026/09/14 16:29:00.638, 1, 18, 0, 0, 5, 8.70, 139
2026/09/14 16:29:01.672, 0, 47, 100, 5, 523, 90.73, 1898
2026/09/14 16:29:01.674, 1, 18, 0, 0, 5, 9.23, 139
2026/09/14 16:29:02.708, 0, 47, 100, 5, 523, 119.58, 1898
2026/09/14 16:29:02.711, 1, 18, 0, 0, 5, 8.80, 139
2026/09/14 16:29:03.743, 0, 47, 100, 5, 523, 109.43, 1898
2026/09/14 16:29:03.746, 1, 18, 0, 0, 5, 8.70, 139
2026/09/14 16:29:04.777, 0, 47, 100, 5, 523, 99.66, 1898
2026/09/14 16:29:04.780, 1, 18, 0, 0, 5, 8.79, 139
2026/09/14 16:29:05.814, 0, 47, 100, 5, 523, 87.50, 1898
2026/09/14 16:29:05.817, 1, 18, 0, 0, 5, 8.55, 139
2026/09/14 16:29:06.849, 0, 47, 100, 5, 523, 102.03, 1898
2026/09/14 16:29:06.852, 1, 18, 0, 0, 5, 8.89, 139
2026/09/14 16:29:07.884, 0, 47, 100, 5, 523, 131.27, 1898
2026/09/14 16:29:07.887, 1, 18, 0, 0, 5, 9.23, 139
2026/09/14 16:29:08.919, 0, 47, 100, 5, 523, 135.39, 1898
2026/09/14 16:29:08.922, 1, 18, 0, 0, 5, 9.04, 139
2026/09/14 16:29:09.953, 0, 47, 100, 5, 523, 124.57, 1898
2026/09/14 16:29:09.958, 1, 18, 0, 0, 5, 8.79, 139
2026/09/14 16:29:10.990, 0, 47, 100, 5, 523, 86.82, 1898
2026/09/14 16:29:10.993, 1, 18, 0, 0, 5, 8.55, 139
2026/09/14 16:29:12.025, 0, 47, 100, 5, 523, 112.42, 1898
2026/09/14 16:29:12.028, 1, 18, 0, 0, 5, 8.70, 139
2026/09/14 16:29:13.061, 0, 47, 100, 5, 523, 104.30, 1898
2026/09/14 16:29:13.064, 1, 18, 0, 0, 5, 8.70, 139
2026/09/14 16:29:14.096, 0, 47, 100, 5, 523, 102.74, 1898
2026/09/14 16:29:14.099, 1, 18, 0, 0, 5, 9.04, 139
2026/09/14 16:29:15.132, 0, 47, 100, 5, 523, 114.98, 1898
2026/09/14 16:29:15.135, 1, 18, 0, 0, 5, 8.80, 139
2026/09/14 16:29:16.168, 0, 47, 100, 5, 523, 99.01, 1898
2026/09/14 16:29:16.171, 1, 18, 0, 0, 5, 8.46, 139
2026/09/14 16:29:17.204, 0, 47, 100, 5, 523, 136.62, 1898
2026/09/14 16:29:17.207, 1, 18, 0, 0, 5, 8.94, 139
2026/09/14 16:29:18.240, 0, 47, 100, 5, 523, 115.85, 1898
2026/09/14 16:29:18.244, 1, 18, 0, 0, 5, 8.79, 139
2026/09/14 16:29:19.277, 0, 47, 100, 5, 523, 105.65, 1898
2026/09/14 16:29:19.279, 1, 18, 0, 0, 5, 8.89, 139
2026/09/14 16:29:20.313, 0, 47, 100, 5, 523, 83.22, 1898
2026/09/14 16:29:20.318, 1, 18, 0, 0, 5, 8.80, 139
2026/09/14 16:29:21.359, 0, 47, 100, 5, 523, 98.48, 1898
2026/09/14 16:29:21.362, 1, 18, 0, 0, 5, 8.70, 139
2026/09/14 16:29:22.396, 0, 47, 100, 5, 523, 133.71, 1898
2026/09/14 16:29:22.399, 1, 18, 0, 0, 5, 9.48, 139
2026/09/14 16:29:23.431, 0, 46, 100, 5, 523, 117.26, 1898
2026/09/14 16:29:23.433, 1, 18, 0, 0, 5, 8.80, 139
2026/09/14 16:29:24.470, 0, 47, 100, 5, 523, 103.14, 1898
2026/09/14 16:29:24.473, 1, 18, 0, 0, 5, 8.80, 139
2026/09/14 16:29:25.505, 0, 47, 100, 5, 523, 86.34, 1898
2026/09/14 16:29:25.510, 1, 18, 0, 0, 5, 9.33, 139
2026/09/14 16:29:26.543, 0, 47, 100, 5, 523, 101.77, 1898
2026/09/14 16:29:26.546, 1, 18, 0, 0, 5, 8.79, 139
2026/09/14 16:29:27.750, 0, 47, 100, 5, 523, 108.22, 1898
2026/09/14 16:29:27.756, 1, 18, 0, 0, 5, 9.23, 139
2026/09/14 16:29:28.788, 0, 47, 100, 5, 523, 103.80, 1898
2026/09/14 16:29:28.790, 1, 18, 0, 0, 5, 9.13, 139
2026/09/14 16:29:29.822, 0, 47, 100, 5, 523, 109.85, 1898
2026/09/14 16:29:29.825, 1, 18, 0, 0, 5, 8.89, 139
2026/09/14 16:29:30.857, 0, 47, 100, 5, 523, 129.50, 1898
2026/09/14 16:29:30.864, 1, 18, 0, 0, 5, 8.55, 139
2026/09/14 16:29:31.896, 0, 47, 100, 5, 523, 94.53, 1898
2026/09/14 16:29:31.899, 1, 18, 0, 0, 5, 8.80, 139
2026/09/14 16:29:32.931, 0, 47, 100, 5, 523, 130.96, 1898
2026/09/14 16:29:32.933, 1, 18, 0, 0, 5, 8.89, 139
2026/09/14 16:29:33.967, 0, 47, 100, 5, 523, 110.98, 1898
2026/09/14 16:29:33.972, 1, 18, 0, 0, 5, 8.70, 139
2026/09/14 16:29:35.004, 0, 47, 100, 5, 523, 103.14, 1898
2026/09/14 16:29:35.006, 1, 18, 0, 0, 5, 8.36, 139
2026/09/14 16:29:36.039, 0, 47, 100, 5, 523, 82.26, 1898
2026/09/14 16:29:36.042, 1, 18, 0, 0, 5, 8.70, 139
2026/09/14 16:29:37.074, 0, 47, 100, 5, 523, 102.51, 1898
2026/09/14 16:29:37.078, 1, 18, 0, 0, 5, 8.46, 139
2026/09/14 16:29:38.111, 0, 47, 100, 5, 523, 123.03, 1898
2026/09/14 16:29:38.114, 1, 18, 0, 0, 5, 9.14, 139
2026/09/14 16:29:39.146, 0, 47, 100, 5, 523, 140.86, 1898
2026/09/14 16:29:39.149, 1, 18, 0, 0, 5, 8.70, 139
2026/09/14 16:29:40.180, 0, 47, 100, 5, 523, 132.43, 1898
2026/09/14 16:29:40.184, 1, 18, 0, 0, 5, 8.79, 139
2026/09/14 16:29:41.216, 0, 47, 100, 5, 523, 88.18, 1898
2026/09/14 16:29:41.219, 1, 18, 0, 0, 5, 8.70, 139
2026/09/14 16:29:42.251, 0, 47, 100, 5, 523, 116.66, 1898
2026/09/14 16:29:42.254, 1, 18, 0, 0, 5, 8.70, 139
2026/09/14 16:29:43.286, 0, 47, 100, 5, 523, 106.41, 1898
2026/09/14 16:29:43.291, 1, 18, 0, 0, 5, 8.69, 139
2026/09/14 16:29:44.334, 0, 47, 100, 6, 523, 138.36, 1898
2026/09/14 16:29:44.336, 1, 18, 0, 0, 5, 8.79, 139
2026/09/14 16:29:45.368, 0, 47, 100, 5, 523, 132.22, 1898
2026/09/14 16:29:45.374, 1, 18, 0, 0, 5, 8.89, 139
2026/09/14 16:29:46.419, 0, 47, 100, 5, 523, 82.83, 1898
2026/09/14 16:29:46.421, 1, 18, 0, 0, 5, 10.10, 139
2026/09/14 16:29:47.453, 0, 47, 100, 5, 523, 103.27, 1898
2026/09/14 16:29:47.458, 1, 18, 0, 0, 5, 8.89, 139
2026/09/14 16:29:48.491, 0, 47, 100, 5, 523, 117.71, 1898
2026/09/14 16:29:48.494, 1, 18, 0, 0, 5, 8.79, 139
2026/09/14 16:29:49.526, 0, 47, 100, 6, 523, 142.73, 1898
2026/09/14 16:29:49.529, 1, 18, 0, 0, 5, 8.79, 139
2026/09/14 16:29:50.561, 0, 47, 100, 5, 523, 130.26, 1898
2026/09/14 16:29:50.566, 1, 18, 0, 0, 5, 8.79, 139
2026/09/14 16:29:51.598, 0, 47, 100, 5, 523, 87.92, 1898
2026/09/14 16:29:51.601, 1, 18, 0, 0, 5, 8.79, 139
2026/09/14 16:29:52.632, 0, 47, 100, 5, 523, 116.86, 1898
2026/09/14 16:29:52.634, 1, 18, 0, 0, 5, 8.79, 139
2026/09/14 16:29:53.667, 0, 47, 100, 5, 523, 108.49, 1898
2026/09/14 16:29:53.669, 1, 18, 0, 0, 5, 8.69, 139
2026/09/14 16:29:54.701, 0, 47, 100, 5, 523, 98.49, 1898
2026/09/14 16:29:54.704, 1, 18, 0, 0, 5, 8.79, 139
2026/09/14 16:29:55.736, 0, 47, 100, 5, 523, 105.83, 1898
2026/09/14 16:29:55.743, 1, 18, 0, 0, 5, 9.13, 139
2026/09/14 16:29:56.778, 0, 47, 100, 5, 523, 94.69, 1898
2026/09/14 16:29:56.785, 1, 18, 0, 0, 5, 8.79, 139
2026/09/14 16:29:57.817, 0, 47, 100, 5, 523, 128.52, 1898
2026/09/14 16:29:57.819, 1, 18, 0, 0, 5, 8.69, 139
2026/09/14 16:29:58.852, 0, 47, 100, 5, 523, 108.49, 1898
2026/09/14 16:29:58.859, 1, 18, 0, 0, 5, 8.79, 139
2026/09/14 16:29:59.898, 0, 47, 100, 5, 523, 106.46, 1898
2026/09/14 16:29:59.901, 1, 18, 0, 0, 5, 8.79, 139
2026/09/14 16:30:00.933, 0, 47, 100, 5, 523, 127.45, 1898
2026/09/14 16:30:00.939, 1, 18, 0, 0, 5, 9.13, 139
2026/09/14 16:30:01.972, 0, 47, 100, 5, 523, 94.42, 1898
2026/09/14 16:30:01.975, 1, 18, 0, 0, 5, 8.69, 139
2026/09/14 16:30:03.007, 0, 47, 100, 5, 523, 129.72, 1898
2026/09/14 16:30:03.010, 1, 18, 0, 0, 5, 8.55, 139
2026/09/14 16:30:04.043, 0, 47, 100, 5, 523, 114.39, 1898
2026/09/14 16:30:04.045, 1, 18, 0, 0, 5, 8.79, 139
2026/09/14 16:30:05.077, 0, 47, 100, 5, 523, 105.96, 1898
2026/09/14 16:30:05.080, 1, 18, 0, 0, 5, 8.79, 139
2026/09/14 16:30:06.112, 0, 47, 100, 5, 523, 83.30, 1898
2026/09/14 16:30:06.115, 1, 18, 0, 0, 5, 8.79, 139
2026/09/14 16:30:07.149, 0, 47, 100, 5, 523, 102.21, 1898
2026/09/14 16:30:07.154, 1, 18, 0, 0, 5, 8.89, 139
2026/09/14 16:30:08.186, 0, 47, 100, 5, 523, 121.29, 1898
2026/09/14 16:30:08.188, 1, 18, 0, 0, 5, 8.55, 139
2026/09/14 16:30:09.225, 0, 47, 100, 5, 523, 130.45, 1898
2026/09/14 16:30:09.227, 1, 18, 0, 0, 5, 8.69, 139
2026/09/14 16:30:10.262, 0, 47, 100, 5, 523, 115.92, 1898
2026/09/14 16:30:10.265, 1, 18, 0, 0, 5, 8.79, 139
2026/09/14 16:30:11.299, 0, 47, 100, 5, 523, 83.56, 1898
2026/09/14 16:30:11.303, 1, 18, 0, 0, 5, 8.69, 139
2026/09/14 16:30:12.336, 0, 47, 100, 5, 523, 106.27, 1898
2026/09/14 16:30:12.338, 1, 18, 0, 0, 5, 9.03, 139
2026/09/14 16:30:13.370, 0, 47, 100, 5, 523, 102.45, 1898
2026/09/14 16:30:13.373, 1, 18, 0, 0, 5, 9.03, 139
2026/09/14 16:30:14.407, 0, 47, 100, 5, 523, 137.66, 1898
2026/09/14 16:30:14.411, 1, 18, 0, 0, 5, 9.03, 139
2026/09/14 16:30:15.443, 0, 47, 100, 5, 523, 138.43, 1898
2026/09/14 16:30:15.446, 1, 18, 0, 0, 5, 8.60, 139
2026/09/14 16:30:16.479, 0, 47, 100, 5, 523, 91.88, 1898
2026/09/14 16:30:16.481, 1, 18, 0, 0, 5, 10.97, 139
2026/09/14 16:30:17.514, 0, 47, 100, 5, 523, 117.57, 1898
2026/09/14 16:30:17.519, 1, 18, 0, 0, 5, 9.13, 139
2026/09/14 16:30:18.551, 0, 47, 100, 5, 523, 109.36, 1898
2026/09/14 16:30:18.553, 1, 18, 0, 0, 5, 8.89, 139
2026/09/14 16:30:19.592, 0, 47, 100, 5, 523, 107.20, 1898
2026/09/14 16:30:19.595, 1, 18, 0, 0, 5, 8.79, 139
2026/09/14 16:30:20.627, 0, 47, 100, 5, 523, 114.13, 1898
2026/09/14 16:30:20.630, 1, 18, 0, 0, 5, 8.55, 139
2026/09/14 16:30:21.663, 0, 47, 100, 5, 523, 96.98, 1898
2026/09/14 16:30:21.668, 1, 18, 0, 0, 5, 8.69, 139
2026/09/14 16:30:22.700, 0, 47, 100, 5, 523, 132.21, 1898
2026/09/14 16:30:22.703, 1, 18, 0, 0, 5, 8.69, 139
2026/09/14 16:30:23.736, 0, 47, 100, 5, 523, 115.65, 1898
2026/09/14 16:30:23.738, 1, 18, 0, 0, 5, 8.79, 139
2026/09/14 16:30:24.774, 0, 47, 100, 5, 523, 102.35, 1898
2026/09/14 16:30:24.777, 1, 18, 0, 0, 5, 8.69, 139
2026/09/14 16:30:25.809, 0, 47, 100, 5, 523, 87.93, 1898
2026/09/14 16:30:25.815, 1, 18, 0, 0, 5, 8.89, 139
2026/09/14 16:30:26.848, 0, 47, 100, 6, 523, 101.72, 1898
2026/09/14 16:30:26.850, 1, 18, 0, 0, 5, 8.79, 139
2026/09/14 16:30:27.884, 0, 47, 100, 5, 523, 133.37, 1898
2026/09/14 16:30:27.886, 1, 18, 0, 0, 5, 9.03, 139
2026/09/14 16:30:28.919, 0, 47, 100, 5, 523, 130.97, 1898
2026/09/14 16:30:28.922, 1, 18, 0, 0, 5, 8.79, 139
2026/09/14 16:30:30.344, 0, 47, 100, 6, 523, 109.02, 1898
2026/09/14 16:30:30.355, 1, 18, 0, 0, 5, 9.32, 139
2026/09/14 16:30:31.386, 0, 47, 100, 5, 523, 102.45, 1898
2026/09/14 16:30:31.389, 1, 18, 0, 0, 5, 9.13, 139
2026/09/14 16:30:32.420, 0, 47, 100, 5, 523, 123.81, 1898
2026/09/14 16:30:32.423, 1, 18, 0, 0, 5, 8.55, 139
2026/09/14 16:30:33.455, 0, 47, 100, 5, 523, 128.76, 1898
2026/09/14 16:30:33.458, 1, 18, 0, 0, 5, 8.79, 139
2026/09/14 16:30:34.491, 0, 47, 100, 5, 523, 95.10, 1898
2026/09/14 16:30:34.493, 1, 18, 0, 0, 5, 9.76, 139
2026/09/14 16:30:35.526, 0, 47, 100, 6, 523, 130.69, 1898
2026/09/14 16:30:35.528, 1, 18, 0, 0, 5, 8.55, 139
2026/09/14 16:30:36.561, 0, 47, 100, 5, 523, 115.35, 1898
2026/09/14 16:30:36.564, 1, 18, 0, 0, 5, 9.13, 139
2026/09/14 16:30:37.595, 0, 47, 100, 5, 523, 104.44, 1898
2026/09/14 16:30:37.599, 1, 18, 0, 0, 5, 8.79, 139
2026/09/14 16:30:38.631, 0, 47, 100, 5, 523, 83.06, 1898
2026/09/14 16:30:38.634, 1, 18, 0, 0, 5, 8.65, 139
2026/09/14 16:30:39.666, 0, 47, 100, 5, 523, 104.72, 1898
2026/09/14 16:30:39.669, 1, 18, 0, 0, 5, 8.79, 139
2026/09/14 16:30:40.701, 0, 47, 100, 5, 523, 109.23, 1898
2026/09/14 16:30:40.706, 1, 18, 0, 0, 5, 8.79, 139
2026/09/14 16:30:41.742, 0, 47, 100, 5, 523, 127.07, 1898
2026/09/14 16:30:41.747, 1, 18, 0, 0, 5, 8.79, 139
2026/09/14 16:30:42.783, 0, 47, 100, 5, 523, 105.59, 1898
2026/09/14 16:30:42.790, 1, 18, 0, 0, 5, 9.03, 139
2026/09/14 16:30:43.825, 0, 47, 100, 5, 523, 89.25, 1898
2026/09/14 16:30:43.832, 1, 18, 0, 0, 5, 9.37, 139
2026/09/14 16:30:44.866, 0, 47, 100, 5, 523, 103.56, 1898
2026/09/14 16:30:44.869, 1, 18, 0, 0, 5, 8.69, 139
2026/09/14 16:30:45.901, 0, 47, 100, 5, 523, 141.60, 1898
2026/09/14 16:30:45.904, 1, 18, 0, 0, 5, 8.69, 139
2026/09/14 16:30:46.942, 0, 47, 100, 5, 523, 115.34, 1898
2026/09/14 16:30:46.945, 1, 18, 0, 0, 5, 8.79, 139
2026/09/14 16:30:47.978, 0, 47, 100, 5, 523, 104.59, 1898
2026/09/14 16:30:47.980, 1, 18, 0, 0, 5, 8.89, 139
2026/09/14 16:30:49.012, 0, 47, 100, 5, 523, 83.30, 1898
2026/09/14 16:30:49.015, 1, 18, 0, 0, 5, 8.79, 139
2026/09/14 16:30:50.047, 0, 47, 100, 5, 523, 105.92, 1898
2026/09/14 16:30:50.049, 1, 18, 0, 0, 5, 8.69, 139
2026/09/14 16:30:51.082, 0, 47, 100, 5, 523, 109.07, 1898
2026/09/14 16:30:51.087, 1, 18, 0, 0, 5, 8.79, 139
2026/09/14 16:30:52.121, 0, 47, 100, 5, 523, 143.84, 1898
2026/09/14 16:30:52.124, 1, 18, 0, 0, 5, 8.79, 139
2026/09/14 16:30:53.157, 0, 47, 100, 6, 523, 135.10, 1898
2026/09/14 16:30:53.160, 1, 18, 0, 0, 5, 9.47, 139
2026/09/14 16:30:54.194, 0, 47, 100, 5, 523, 88.18, 1898
2026/09/14 16:30:54.196, 1, 18, 0, 0, 5, 9.13, 139
2026/09/14 16:30:55.228, 0, 47, 100, 5, 523, 115.89, 1898
2026/09/14 16:30:55.231, 1, 18, 0, 0, 5, 8.79, 139
2026/09/14 16:30:56.263, 0, 47, 100, 5, 523, 107.48, 1898
2026/09/14 16:30:56.266, 1, 18, 0, 0, 5, 8.69, 139
2026/09/14 16:30:57.298, 0, 47, 100, 5, 523, 95.30, 1898
2026/09/14 16:30:57.301, 1, 18, 0, 0, 5, 8.69, 139
2026/09/14 16:30:58.333, 0, 47, 100, 6, 523, 98.95, 1898
2026/09/14 16:30:58.337, 1, 18, 0, 0, 5, 8.89, 139
2026/09/14 16:30:59.386, 0, 47, 100, 5, 523, 87.58, 1898
2026/09/14 16:30:59.388, 1, 18, 0, 0, 5, 9.23, 139
2026/09/14 16:31:00.420, 0, 47, 100, 5, 523, 114.14, 1898
2026/09/14 16:31:00.423, 1, 18, 0, 0, 5, 8.79, 139
2026/09/14 16:31:01.456, 0, 47, 100, 5, 523, 104.48, 1898
2026/09/14 16:31:01.461, 1, 18, 0, 0, 5, 8.69, 139
2026/09/14 16:31:02.494, 0, 47, 100, 5, 523, 107.33, 1898
2026/09/14 16:31:02.496, 1, 18, 0, 0, 5, 8.79, 139
2026/09/14 16:31:03.530, 0, 47, 100, 6, 523, 121.66, 1898
2026/09/14 16:31:03.533, 1, 18, 0, 0, 5, 10.34, 139
2026/09/14 16:31:04.566, 0, 47, 100, 5, 523, 97.71, 1898
2026/09/14 16:31:04.569, 1, 18, 0, 0, 5, 8.79, 139
2026/09/14 16:31:05.602, 0, 47, 100, 5, 523, 133.42, 1898
2026/09/14 16:31:05.604, 1, 18, 0, 0, 5, 8.89, 139
2026/09/14 16:31:06.636, 0, 47, 100, 6, 523, 117.08, 1898
2026/09/14 16:31:06.639, 1, 18, 0, 0, 5, 8.79, 139
2026/09/14 16:31:07.676, 0, 47, 100, 5, 523, 101.96, 1898
2026/09/14 16:31:07.679, 1, 18, 0, 0, 5, 9.03, 139
2026/09/14 16:31:08.712, 0, 48, 100, 5, 523, 101.19, 1898
2026/09/14 16:31:08.720, 1, 18, 0, 0, 5, 9.47, 139
2026/09/14 16:31:09.755, 0, 47, 100, 5, 523, 101.76, 1898
2026/09/14 16:31:09.757, 1, 18, 0, 0, 5, 8.79, 139
2026/09/14 16:31:10.790, 0, 47, 100, 5, 523, 143.02, 1898
2026/09/14 16:31:10.793, 1, 18, 0, 0, 5, 9.23, 139
2026/09/14 16:31:11.825, 0, 47, 100, 5, 523, 122.74, 1898
2026/09/14 16:31:11.827, 1, 18, 0, 0, 5, 8.89, 139
2026/09/14 16:31:12.859, 0, 47, 100, 6, 523, 115.83, 1898
2026/09/14 16:31:12.862, 1, 18, 0, 0, 5, 9.13, 139
2026/09/14 16:31:13.896, 0, 47, 100, 5, 523, 84.24, 1898
2026/09/14 16:31:13.899, 1, 18, 0, 0, 5, 9.03, 139
2026/09/14 16:31:14.931, 0, 47, 100, 5, 523, 105.78, 1898
2026/09/14 16:31:14.936, 1, 18, 0, 0, 5, 8.79, 139
2026/09/14 16:31:15.969, 0, 47, 100, 5, 523, 101.74, 1898
2026/09/14 16:31:15.973, 1, 18, 0, 0, 5, 8.79, 139
2026/09/14 16:31:17.005, 0, 47, 100, 5, 523, 135.03, 1898
2026/09/14 16:31:17.008, 1, 17, 0, 0, 5, 8.89, 139
2026/09/14 16:31:18.040, 0, 47, 100, 5, 523, 139.11, 1898
2026/09/14 16:31:18.043, 1, 17, 0, 0, 5, 8.79, 139
2026/09/14 16:31:19.076, 0, 47, 100, 5, 523, 91.98, 1898
2026/09/14 16:31:19.079, 1, 18, 0, 0, 5, 8.79, 139
2026/09/14 16:31:20.111, 0, 47, 100, 5, 523, 122.59, 1898
2026/09/14 16:31:20.113, 1, 17, 0, 0, 5, 9.03, 139
2026/09/14 16:31:21.146, 0, 47, 100, 5, 523, 109.74, 1898
2026/09/14 16:31:21.150, 1, 17, 0, 0, 5, 8.69, 139
2026/09/14 16:31:22.186, 0, 47, 100, 5, 523, 95.19, 1898
2026/09/14 16:31:22.189, 1, 17, 0, 0, 5, 8.69, 139
2026/09/14 16:31:23.222, 0, 47, 100, 5, 523, 98.80, 1898
2026/09/14 16:31:23.224, 1, 18, 0, 0, 5, 9.13, 139
2026/09/14 16:31:24.257, 0, 47, 100, 5, 523, 105.35, 1898
2026/09/14 16:31:24.259, 1, 18, 0, 0, 5, 9.03, 139
2026/09/14 16:31:25.294, 0, 47, 100, 6, 523, 136.36, 1898
2026/09/14 16:31:25.299, 1, 18, 0, 0, 5, 8.55, 139
2026/09/14 16:31:26.349, 0, 47, 100, 5, 523, 109.60, 1898
2026/09/14 16:31:26.350, 1, 17, 0, 0, 5, 8.69, 139
2026/09/14 16:31:27.398, 0, 47, 100, 5, 523, 117.57, 1898
2026/09/14 16:31:27.404, 1, 17, 0, 0, 5, 8.60, 139
2026/09/14 16:31:28.435, 0, 47, 100, 5, 523, 109.03, 1898
2026/09/14 16:31:28.438, 1, 17, 0, 0, 5, 8.79, 139
2026/09/14 16:31:29.472, 0, 47, 100, 5, 523, 83.56, 1898
2026/09/14 16:31:29.474, 1, 18, 0, 0, 5, 8.79, 139
2026/09/14 16:31:30.507, 0, 47, 100, 6, 523, 103.17, 1898
2026/09/14 16:31:30.514, 1, 18, 0, 0, 5, 8.69, 139
2026/09/14 16:31:31.545, 0, 47, 100, 5, 523, 112.50, 1898
2026/09/14 16:31:31.548, 1, 18, 0, 0, 5, 8.55, 139
2026/09/14 16:31:32.585, 0, 47, 100, 5, 523, 133.82, 1898
2026/09/14 16:31:32.587, 1, 17, 0, 0, 5, 9.03, 139
2026/09/14 16:31:33.619, 0, 47, 100, 5, 523, 129.32, 1898
2026/09/14 16:31:33.622, 1, 18, 0, 0, 5, 8.98, 139
2026/09/14 16:31:34.658, 0, 47, 100, 5, 523, 85.79, 1898
2026/09/14 16:31:34.661, 1, 18, 0, 0, 5, 8.69, 139
2026/09/14 16:31:35.692, 0, 47, 100, 6, 523, 110.66, 1898
2026/09/14 16:31:35.695, 1, 17, 0, 0, 5, 8.69, 139
2026/09/14 16:31:36.728, 0, 47, 100, 5, 523, 104.48, 1898
2026/09/14 16:31:36.731, 1, 17, 0, 0, 5, 8.55, 139
2026/09/14 16:31:37.763, 0, 47, 100, 5, 523, 108.97, 1898
2026/09/14 16:31:37.766, 1, 18, 0, 0, 5, 8.60, 139
2026/09/14 16:31:38.799, 0, 47, 100, 5, 523, 118.72, 1898
2026/09/14 16:31:38.802, 1, 17, 0, 0, 5, 8.60, 139
2026/09/14 16:31:39.834, 0, 47, 100, 5, 523, 100.22, 1898
2026/09/14 16:31:39.837, 1, 17, 0, 0, 5, 8.89, 139
2026/09/14 16:31:40.870, 0, 47, 100, 5, 523, 133.39, 1898
2026/09/14 16:31:40.874, 1, 18, 0, 0, 5, 8.69, 139
2026/09/14 16:31:41.906, 0, 47, 100, 5, 523, 116.62, 1898
2026/09/14 16:31:41.909, 1, 18, 0, 0, 5, 9.37, 139
2026/09/14 16:31:42.942, 0, 47, 100, 5, 523, 107.04, 1898
2026/09/14 16:31:42.945, 1, 18, 0, 0, 5, 8.89, 139
2026/09/14 16:31:43.978, 0, 48, 100, 5, 523, 83.06, 1898
2026/09/14 16:31:43.981, 1, 18, 0, 0, 5, 8.79, 139
2026/09/14 16:31:45.016, 0, 47, 100, 5, 523, 103.77, 1898
2026/09/14 16:31:45.018, 1, 18, 0, 0, 5, 8.79, 139
2026/09/14 16:31:46.051, 0, 47, 100, 5, 523, 115.29, 1898
2026/09/14 16:31:46.053, 1, 18, 0, 0, 5, 8.89, 139
2026/09/14 16:31:47.086, 0, 47, 100, 5, 523, 143.47, 1898
2026/09/14 16:31:47.089, 1, 17, 0, 0, 5, 8.79, 139
2026/09/14 16:31:48.121, 0, 47, 100, 5, 523, 135.80, 1898
2026/09/14 16:31:48.124, 1, 18, 0, 0, 5, 8.55, 139
2026/09/14 16:31:49.157, 0, 48, 100, 5, 523, 88.88, 1898
2026/09/14 16:31:49.160, 1, 17, 0, 0, 5, 8.69, 139
2026/09/14 16:31:50.193, 0, 47, 100, 5, 523, 115.59, 1898
2026/09/14 16:31:50.196, 1, 17, 0, 0, 5, 8.55, 139
2026/09/14 16:31:51.228, 0, 47, 100, 5, 523, 107.71, 1898
2026/09/14 16:31:51.231, 1, 17, 0, 0, 5, 9.27, 139
2026/09/14 16:31:52.264, 0, 47, 100, 5, 523, 95.43, 1898
2026/09/14 16:31:52.267, 1, 17, 0, 0, 5, 8.89, 139
2026/09/14 16:31:53.299, 0, 47, 100, 6, 523, 100.56, 1898
2026/09/14 16:31:53.303, 1, 17, 0, 0, 5, 8.89, 139
2026/09/14 16:31:54.337, 0, 47, 100, 5, 523, 103.51, 1898
2026/09/14 16:31:54.339, 1, 17, 0, 0, 5, 8.70, 139
2026/09/14 16:31:55.371, 0, 47, 100, 5, 523, 142.09, 1898
2026/09/14 16:31:55.374, 1, 17, 0, 0, 5, 8.55, 139
2026/09/14 16:31:56.415, 0, 47, 100, 5, 523, 113.18, 1898
2026/09/14 16:31:56.417, 1, 17, 0, 0, 5, 8.60, 139
2026/09/14 16:31:57.449, 0, 47, 100, 5, 523, 105.11, 1898
2026/09/14 16:31:57.452, 1, 18, 0, 0, 5, 8.89, 139
2026/09/14 16:31:58.486, 0, 48, 100, 6, 523, 82.73, 1898
2026/09/14 16:31:58.488, 1, 17, 0, 0, 5, 9.03, 139
2026/09/14 16:31:59.521, 0, 47, 100, 5, 523, 103.51, 1898
2026/09/14 16:31:59.523, 1, 17, 0, 0, 5, 8.69, 139
2026/09/14 16:32:00.555, 0, 47, 100, 5, 523, 120.08, 1898
2026/09/14 16:32:00.560, 1, 17, 0, 0, 5, 8.55, 139
2026/09/14 16:32:01.592, 0, 47, 100, 5, 523, 141.96, 1898
2026/09/14 16:32:01.594, 1, 17, 0, 0, 5, 8.79, 139
2026/09/14 16:32:02.626, 0, 47, 100, 5, 523, 137.51, 1898
2026/09/14 16:32:02.629, 1, 17, 0, 0, 5, 9.56, 139
2026/09/14 16:32:04.949, 0, 47, 100, 5, 523, 140.93, 1898
2026/09/14 16:32:04.952, 1, 17, 0, 0, 5, 8.55, 139
2026/09/14 16:32:05.984, 0, 47, 100, 5, 523, 141.48, 1898
2026/09/14 16:32:05.986, 1, 17, 0, 0, 5, 8.79, 139
2026/09/14 16:32:07.018, 0, 48, 100, 5, 523, 90.92, 1898
2026/09/14 16:32:07.021, 1, 17, 0, 0, 5, 8.79, 139
2026/09/14 16:32:08.054, 0, 47, 100, 5, 523, 121.53, 1898
2026/09/14 16:32:08.056, 1, 18, 0, 0, 5, 8.79, 139
2026/09/14 16:32:09.089, 0, 47, 100, 5, 523, 103.75, 1898
2026/09/14 16:32:09.100, 1, 17, 0, 0, 5, 8.79, 139
2026/09/14 16:32:10.132, 0, 47, 100, 5, 523, 111.50, 1898
2026/09/14 16:32:10.135, 1, 17, 0, 0, 5, 8.79, 139
2026/09/14 16:32:11.168, 0, 47, 100, 5, 523, 120.41, 1898
2026/09/14 16:32:11.171, 1, 17, 0, 0, 5, 8.55, 139
2026/09/14 16:32:12.206, 0, 48, 100, 5, 523, 94.56, 1898
2026/09/14 16:32:12.208, 1, 17, 0, 0, 5, 9.13, 139
2026/09/14 16:32:13.242, 0, 47, 100, 5, 523, 126.03, 1898
2026/09/14 16:32:13.245, 1, 17, 0, 0, 5, 9.03, 139
2026/09/14 16:32:14.277, 0, 47, 100, 5, 523, 112.11, 1898
2026/09/14 16:32:14.281, 1, 17, 0, 0, 5, 8.98, 139
2026/09/14 16:32:15.313, 0, 47, 100, 5, 523, 104.62, 1898
2026/09/14 16:32:15.315, 1, 17, 0, 0, 5, 8.79, 139
2026/09/14 16:32:16.361, 0, 47, 100, 5, 523, 137.81, 1898
2026/09/14 16:32:16.369, 1, 17, 0, 0, 5, 8.78, 139
2026/09/14 16:32:17.403, 0, 48, 100, 5, 523, 88.88, 1898
2026/09/14 16:32:17.405, 1, 17, 0, 0, 5, 8.55, 139
2026/09/14 16:32:18.438, 0, 47, 100, 5, 523, 116.28, 1898
2026/09/14 16:32:18.441, 1, 17, 0, 0, 5, 8.79, 139
2026/09/14 16:32:19.473, 0, 47, 100, 5, 523, 107.67, 1898
2026/09/14 16:32:19.476, 1, 17, 0, 0, 5, 8.79, 139
2026/09/14 16:32:20.512, 0, 47, 100, 5, 523, 98.13, 1898
2026/09/14 16:32:20.514, 1, 18, 0, 0, 5, 8.55, 139
2026/09/14 16:32:21.547, 0, 48, 100, 5, 523, 124.43, 1898
2026/09/14 16:32:21.553, 1, 17, 0, 0, 5, 8.89, 139
2026/09/14 16:32:22.591, 0, 48, 100, 5, 523, 89.71, 1898
2026/09/14 16:32:22.595, 1, 17, 0, 0, 5, 8.69, 139
2026/09/14 16:32:23.628, 0, 48, 100, 5, 523, 118.10, 1898
2026/09/14 16:32:23.631, 1, 17, 0, 0, 5, 8.69, 139
2026/09/14 16:32:24.663, 0, 47, 100, 5, 523, 108.41, 1898
2026/09/14 16:32:24.666, 1, 17, 0, 0, 5, 9.47, 139
2026/09/14 16:32:25.698, 0, 47, 100, 5, 523, 95.43, 1898
2026/09/14 16:32:25.703, 1, 17, 0, 0, 5, 8.89, 139
2026/09/14 16:32:26.736, 0, 48, 100, 5, 523, 98.72, 1898
2026/09/14 16:32:26.738, 1, 17, 0, 0, 5, 8.64, 139
2026/09/14 16:32:27.773, 0, 48, 100, 5, 523, 102.01, 1898
2026/09/14 16:32:27.776, 1, 17, 0, 0, 5, 8.89, 139
2026/09/14 16:32:28.809, 0, 48, 100, 5, 523, 143.16, 1898
2026/09/14 16:32:28.811, 1, 17, 0, 0, 5, 8.69, 139
2026/09/14 16:32:29.850, 0, 47, 100, 5, 523, 113.18, 1898
2026/09/14 16:32:29.852, 1, 17, 0, 0, 5, 8.79, 139
2026/09/14 16:32:30.886, 0, 48, 100, 5, 523, 103.32, 1898
2026/09/14 16:32:30.889, 1, 17, 0, 0, 5, 8.69, 139
2026/09/14 16:32:31.921, 0, 48, 100, 5, 523, 82.73, 1898
2026/09/14 16:32:31.924, 1, 17, 0, 0, 5, 8.55, 139
2026/09/14 16:32:32.958, 0, 48, 100, 5, 523, 102.45, 1898
2026/09/14 16:32:32.961, 1, 17, 0, 0, 5, 9.13, 139
2026/09/14 16:32:33.995, 0, 47, 100, 6, 523, 134.33, 1898
2026/09/14 16:32:33.998, 1, 17, 0, 0, 5, 8.55, 139
2026/09/14 16:32:35.031, 0, 47, 100, 5, 523, 130.93, 1898
2026/09/14 16:32:35.034, 1, 17, 0, 0, 5, 8.69, 139
2026/09/14 16:32:36.094, 0, 47, 100, 5, 523, 139.52, 1898
2026/09/14 16:32:36.097, 1, 17, 0, 0, 5, 8.89, 139
2026/09/14 16:32:37.130, 0, 47, 100, 5, 523, 140.16, 1898
2026/09/14 16:32:37.133, 1, 17, 0, 0, 5, 8.79, 139
2026/09/14 16:32:38.166, 0, 48, 100, 5, 523, 87.11, 1898
2026/09/14 16:32:38.172, 1, 17, 0, 0, 5, 8.79, 139
2026/09/14 16:32:39.206, 0, 47, 100, 6, 523, 111.63, 1898
2026/09/14 16:32:39.208, 1, 17, 0, 0, 5, 8.94, 139
2026/09/14 16:32:40.246, 0, 47, 100, 5, 523, 102.21, 1898
2026/09/14 16:32:40.249, 1, 17, 0, 0, 5, 8.60, 139
2026/09/14 16:32:41.282, 0, 47, 100, 5, 523, 129.04, 1898
2026/09/14 16:32:41.284, 1, 17, 0, 0, 5, 9.13, 139
2026/09/14 16:32:42.316, 0, 47, 100, 5, 523, 137.86, 1898
2026/09/14 16:32:42.320, 1, 17, 0, 0, 5, 8.79, 139
2026/09/14 16:32:43.362, 0, 47, 100, 5, 523, 86.06, 1898
2026/09/14 16:32:43.365, 1, 17, 0, 0, 5, 8.79, 139
2026/09/14 16:32:44.400, 0, 48, 100, 6, 523, 105.69, 1898
2026/09/14 16:32:44.404, 1, 17, 0, 0, 5, 8.55, 139
2026/09/14 16:32:45.436, 0, 47, 100, 5, 523, 103.03, 1898
2026/09/14 16:32:45.438, 1, 17, 0, 0, 5, 8.79, 139
2026/09/14 16:32:46.473, 0, 47, 100, 5, 523, 131.83, 1898
2026/09/14 16:32:46.476, 1, 17, 0, 0, 5, 8.79, 139
2026/09/14 16:32:47.507, 0, 47, 100, 5, 523, 137.12, 1898
2026/09/14 16:32:47.511, 1, 17, 0, 0, 5, 8.98, 139
2026/09/14 16:32:48.544, 0, 48, 100, 5, 523, 91.76, 1898
2026/09/14 16:32:48.546, 1, 17, 0, 0, 5, 8.55, 139
2026/09/14 16:32:49.580, 0, 48, 100, 5, 523, 121.67, 1898
2026/09/14 16:32:49.583, 1, 17, 0, 0, 5, 8.79, 139
2026/09/14 16:32:50.615, 0, 48, 100, 5, 523, 109.94, 1898
2026/09/14 16:32:50.618, 1, 17, 0, 0, 5, 8.79, 139
2026/09/14 16:32:51.650, 0, 48, 100, 5, 523, 102.00, 1898
2026/09/14 16:32:51.652, 1, 17, 0, 0, 5, 8.70, 139
2026/09/14 16:32:52.685, 0, 48, 100, 5, 523, 82.35, 1898
2026/09/14 16:32:52.687, 1, 17, 0, 0, 5, 8.79, 139
2026/09/14 16:32:53.720, 0, 48, 100, 5, 523, 102.69, 1898
2026/09/14 16:32:53.724, 1, 17, 0, 0, 5, 10.10, 139
2026/09/14 16:32:54.755, 0, 48, 100, 5, 523, 120.81, 1898
2026/09/14 16:32:54.758, 1, 17, 0, 0, 5, 8.55, 139
2026/09/14 16:32:55.790, 0, 48, 100, 5, 523, 142.71, 1898
2026/09/14 16:32:55.792, 1, 17, 0, 0, 5, 8.79, 139
2026/09/14 16:32:56.825, 0, 48, 100, 6, 523, 128.58, 1898
2026/09/14 16:32:56.831, 1, 17, 0, 0, 5, 8.55, 139
2026/09/14 16:32:57.867, 0, 48, 100, 5, 523, 84.26, 1898
2026/09/14 16:32:57.872, 1, 17, 0, 0, 5, 9.03, 139
2026/09/14 16:32:58.905, 0, 48, 100, 5, 523, 106.98, 1898
2026/09/14 16:32:58.907, 1, 17, 0, 0, 5, 9.03, 139
2026/09/14 16:32:59.944, 0, 48, 100, 5, 523, 110.53, 1898
2026/09/14 16:32:59.946, 1, 17, 0, 0, 5, 8.69, 139
2026/09/14 16:33:00.978, 0, 48, 100, 5, 523, 137.46, 1898
2026/09/14 16:33:00.982, 1, 17, 0, 0, 5, 9.32, 139
2026/09/14 16:33:02.015, 0, 48, 100, 6, 523, 131.10, 1898
2026/09/14 16:33:02.021, 1, 17, 0, 0, 5, 8.79, 139
2026/09/14 16:33:03.054, 0, 48, 100, 5, 523, 87.58, 1898
2026/09/14 16:33:03.056, 1, 17, 0, 0, 5, 8.79, 139
2026/09/14 16:33:04.092, 0, 48, 100, 5, 523, 110.42, 1898
2026/09/14 16:33:04.094, 1, 17, 0, 0, 5, 8.89, 139
2026/09/14 16:33:05.131, 0, 48, 100, 5, 523, 102.79, 1898
2026/09/14 16:33:05.133, 1, 17, 0, 0, 5, 8.79, 139
2026/09/14 16:33:06.166, 0, 48, 100, 5, 523, 126.78, 1898
2026/09/14 16:33:06.169, 1, 17, 0, 0, 5, 8.55, 139
2026/09/14 16:33:07.342, 0, 48, 100, 5, 523, 83.41, 1898
2026/09/14 16:33:07.345, 1, 17, 0, 0, 5, 8.79, 139
2026/09/14 16:33:08.377, 0, 48, 100, 5, 523, 102.69, 1898
2026/09/14 16:33:08.380, 1, 17, 0, 0, 5, 9.13, 139
2026/09/14 16:33:09.412, 0, 48, 100, 5, 523, 125.68, 1898
2026/09/14 16:33:09.416, 1, 17, 0, 0, 5, 8.89, 139
2026/09/14 16:33:10.447, 0, 48, 100, 5, 523, 139.35, 1898
2026/09/14 16:33:10.450, 1, 17, 0, 0, 5, 8.79, 139
2026/09/14 16:33:11.489, 0, 48, 100, 5, 523, 116.08, 1898
2026/09/14 16:33:11.491, 1, 17, 0, 0, 5, 9.03, 139
2026/09/14 16:33:12.525, 0, 48, 100, 6, 523, 84.86, 1898
2026/09/14 16:33:12.528, 1, 17, 0, 0, 5, 9.03, 139
2026/09/14 16:33:13.564, 0, 48, 100, 5, 523, 104.48, 1898
2026/09/14 16:33:13.568, 1, 17, 0, 0, 5, 8.55, 139
2026/09/14 16:33:14.604, 0, 48, 100, 5, 523, 125.68, 1898
2026/09/14 16:33:14.606, 1, 17, 0, 0, 5, 8.69, 139
2026/09/14 16:33:15.639, 0, 48, 100, 5, 523, 131.70, 1898
2026/09/14 16:33:15.644, 1, 17, 0, 0, 5, 8.79, 139
2026/09/14 16:33:16.685, 0, 48, 100, 5, 523, 101.14, 1898
2026/09/14 16:33:16.691, 1, 17, 0, 0, 5, 8.98, 139
2026/09/14 16:33:17.725, 0, 48, 100, 5, 523, 84.64, 1898
2026/09/14 16:33:17.727, 1, 17, 0, 0, 5, 8.89, 139
2026/09/14 16:33:18.759, 0, 48, 100, 5, 523, 102.79, 1898
2026/09/14 16:33:18.762, 1, 17, 0, 0, 5, 9.23, 139
2026/09/14 16:33:19.795, 0, 48, 100, 5, 523, 125.44, 1898
2026/09/14 16:33:19.798, 1, 17, 0, 0, 5, 8.89, 139
2026/09/14 16:33:20.829, 0, 48, 100, 5, 523, 138.63, 1898
2026/09/14 16:33:20.832, 1, 17, 0, 0, 5, 8.79, 139
2026/09/14 16:33:21.865, 0, 48, 100, 5, 523, 129.85, 1898
2026/09/14 16:33:21.868, 1, 17, 0, 0, 5, 8.69, 139
2026/09/14 16:33:22.903, 0, 48, 100, 5, 523, 86.28, 1898
2026/09/14 16:33:22.907, 1, 17, 0, 0, 5, 9.03, 139
2026/09/14 16:33:23.939, 0, 48, 100, 6, 523, 110.44, 1898
2026/09/14 16:33:23.941, 1, 17, 0, 0, 5, 9.03, 139
2026/09/14 16:33:24.974, 0, 48, 100, 5, 523, 104.72, 1898
2026/09/14 16:33:24.976, 1, 17, 0, 0, 5, 8.93, 139
2026/09/14 16:33:26.009, 0, 48, 100, 5, 523, 106.60, 1898
2026/09/14 16:33:26.012, 1, 17, 0, 0, 5, 9.23, 139
2026/09/14 16:33:27.045, 0, 48, 100, 5, 523, 117.23, 1898
2026/09/14 16:33:27.047, 1, 17, 0, 0, 5, 9.03, 139
2026/09/14 16:33:28.083, 0, 48, 100, 5, 523, 95.66, 1898
2026/09/14 16:33:28.085, 1, 17, 0, 0, 5, 8.69, 139
2026/09/14 16:33:29.119, 0, 48, 100, 5, 523, 124.04, 1898
2026/09/14 16:33:29.123, 1, 17, 0, 0, 5, 8.69, 139
2026/09/14 16:33:30.156, 0, 48, 100, 5, 523, 111.24, 1898
2026/09/14 16:33:30.158, 1, 17, 0, 0, 5, 8.79, 139
2026/09/14 16:33:31.191, 0, 48, 100, 5, 523, 102.64, 1898
2026/09/14 16:33:31.194, 1, 17, 0, 0, 5, 8.79, 139
2026/09/14 16:33:32.226, 0, 48, 100, 5, 523, 82.46, 1898
2026/09/14 16:33:32.229, 1, 17, 0, 0, 5, 8.70, 139
2026/09/14 16:33:33.262, 0, 48, 100, 5, 523, 103.17, 1898
2026/09/14 16:33:33.265, 1, 17, 0, 0, 5, 8.69, 139
2026/09/14 16:33:34.300, 0, 48, 100, 5, 523, 133.85, 1898
2026/09/14 16:33:34.303, 1, 17, 0, 0, 5, 8.79, 139
2026/09/14 16:33:35.346, 0, 48, 100, 5, 523, 132.48, 1898
2026/09/14 16:33:35.347, 1, 17, 0, 0, 5, 9.03, 139
2026/09/14 16:33:36.379, 0, 48, 100, 5, 523, 105.59, 1898
2026/09/14 16:33:36.382, 1, 17, 0, 0, 5, 9.23, 139
2026/09/14 16:33:37.415, 0, 48, 100, 5, 523, 83.92, 1898
2026/09/14 16:33:37.421, 1, 17, 0, 0, 5, 8.79, 139
2026/09/14 16:33:38.504, 0, 48, 100, 5, 523, 138.47, 1898
2026/09/14 16:33:38.507, 1, 17, 0, 0, 5, 8.79, 139
2026/09/14 16:33:39.540, 0, 48, 100, 5, 523, 87.33, 1898
2026/09/14 16:33:39.545, 1, 17, 0, 0, 5, 8.79, 139
2026/09/14 16:33:40.579, 0, 48, 100, 5, 523, 112.11, 1898
2026/09/14 16:33:40.581, 1, 17, 0, 0, 5, 8.89, 139
2026/09/14 16:33:41.613, 0, 48, 100, 5, 523, 105.78, 1898
2026/09/14 16:33:41.616, 1, 17, 0, 0, 5, 8.69, 139
2026/09/14 16:33:42.649, 0, 48, 100, 5, 523, 103.66, 1898
2026/09/14 16:33:42.652, 1, 17, 0, 0, 5, 8.45, 139
2026/09/14 16:33:43.684, 0, 48, 100, 5, 523, 109.32, 1898
2026/09/14 16:33:43.687, 1, 17, 0, 0, 5, 8.79, 139
